Date,Return_Lag_1,Return_Lag_5,Return_Lag_2,Daily_Return,Body_Ratio,MACD_HIST,MACD_DEA,MACD_DIF,RSI,Target,Close
2024-01-02,0.002071823204419676,-0.005148005148005175,0.02840909090909083,0.010337698139214258,0.3207547169811346,-1.9620381733263206,-3.286520093496122,-5.248558266822442,44.60011138339493,1,293.2
2024-01-03,0.010337698139214258,-0.12483829236739963,0.002071823204419676,0.013642564802182733,0.7173913043478233,-1.198531272944308,-3.5861529117321993,-4.784684184676507,47.278544072489005,-1,297.2
2024-01-04,0.013642564802182733,0.04065040650406493,0.010337698139214258,-0.00605652759084796,0.8750000000000067,-0.7393284728766045,-3.7709850299513508,-4.510313502827955,46.19617576491417,-1,295.4
2024-01-05,-0.00605652759084796,0.02840909090909083,0.013642564802182733,-0.022342586323628844,0.4571428571428555,-0.7995694642963915,-3.9708773960254486,-4.77044686032184,42.36627624006143,-1,288.8
2024-01-08,-0.022342586323628844,0.002071823204419676,-0.00605652759084796,-0.01454293628808856,0.6808510638297864,-1.0272450549003747,-4.227688659750543,-5.254933714650917,40.08859854982173,-1,284.6
2024-01-09,-0.01454293628808856,0.010337698139214258,-0.022342586323628844,-0.015460295151089376,0.4137931034482809,-1.3583525113434334,-4.567276787586401,-5.9256292989298345,37.79611013516948,-1,280.2
2024-01-10,-0.015460295151089376,0.013642564802182733,-0.01454293628808856,-0.012134189864382527,0.21428571428571477,-1.670018233532863,-4.984781345969617,-6.65479957950248,36.07917534116651,1,276.8
2024-01-11,-0.012134189864382527,-0.00605652759084796,-0.015460295151089376,0.026011560693641522,0.5483870967741955,-1.2728866753492225,-5.303003014806923,-6.575889690156146,42.07953144404481,0,284.0
2024-01-12,0.026011560693641522,-0.022342586323628844,-0.012134189864382527,0.0035211267605634866,0.3414634146341458,-0.8450813554797003,-5.514273353676848,-6.359354709156548,42.88151146554952,0,285.0
2024-01-15,0.0035211267605634866,-0.01454293628808856,0.026011560693641522,0.0035087719298245723,0.09677419354839094,-0.4185504664657458,-5.618910970293285,-6.037461436759031,43.72071011333986,-1,286.0
2024-01-16,0.0035087719298245723,-0.015460295151089376,0.0035211267605634866,-0.02447552447552448,0.15909090909090734,-0.5247651693975275,-5.7501022626426685,-6.274867432040196,39.36118705064861,-1,279.0
2024-01-17,-0.02447552447552448,-0.012134189864382527,0.0035087719298245723,-0.027956989247311825,0.3636363636363707,-1.0091846232083652,-6.00239841844476,-7.011583041653125,35.154727178435806,1,271.2
2024-01-18,-0.027956989247311825,0.026011560693641522,-0.02447552447552448,0.01106194690265494,0.375,-1.0137305144685982,-6.2558310470619105,-7.269561561530509,37.90342831502599,-1,274.2
2024-01-19,0.01106194690265494,0.0035211267605634866,-0.027956989247311825,-0.02334062727935804,0.2638888888888901,-1.3148381932731867,-6.584540595380207,-7.899378788653394,34.539768793070905,-1,267.8
2024-01-22,-0.02334062727935804,0.0035087719298245723,0.01106194690265494,-0.0336071695294996,0.7368421052631574,-1.9489696367933762,-7.071783004578552,-9.020752641371928,30.44776378651757,1,258.8
2024-01-23,-0.0336071695294996,-0.02447552447552448,-0.02334062727935804,0.0378670788253479,0.3466666666666697,-1.5543775303625322,-7.460377387169186,-9.014754917531718,38.93175858702267,1,268.6
2024-01-24,0.0378670788253479,-0.027956989247311825,-0.0336071695294996,0.036485480268056314,0.18032786885245825,-0.5321438619511145,-7.593413352656965,-8.12555721460808,46.02242925292505,1,278.4
2024-01-25,0.036485480268056314,0.01106194690265494,0.0378670788253479,0.032327586206896575,0.5178571428571367,0.780054932461689,-7.398399619541544,-6.618344687079855,51.582443287540244,-1,287.4
2024-01-26,0.032327586206896575,-0.02334062727935804,0.036485480268056314,-0.02783576896311757,0.6000000000000038,1.1185324333051723,-7.118766511215251,-6.000234077910079,46.95271577750754,0,279.4
2024-01-29,-0.02783576896311757,-0.0336071695294996,0.032327586206896575,-0.0028632784538294986,0.4444444444444444,1.2858945593696687,-6.797292871372835,-5.511398312003166,46.50322449617695,-1,278.6
2024-01-30,-0.0028632784538294986,0.0378670788253479,-0.02783576896311757,-0.02943287867911004,0.4857142857142906,0.8620499583160175,-6.5817803817938305,-5.719730423477813,42.058703290540144,-1,270.4
2024-01-31,-0.02943287867911004,0.036485480268056314,-0.0028632784538294986,-0.011834319526627168,0.33333333333333137,0.40699060149815747,-6.480032731419292,-6.073042129921134,40.43459198505366,0,267.2
2024-02-01,-0.011834319526627168,0.032327586206896575,-0.02943287867911004,0.0037425149700598404,0.16326530612244625,0.223327978059495,-6.424200736904418,-6.200872758844923,41.198746528716185,1,268.2
2024-02-02,0.0037425149700598404,-0.02783576896311757,-0.011834319526627168,0.029082774049216997,0.4126984126984129,0.6528505718068072,-6.260988093952717,-5.60813752214591,46.91888333019904,0,276.0
2024-02-05,0.029082774049216997,-0.0028632784538294986,0.0037425149700598404,0.0007246376811593791,0.12499999999999852,0.9576872726723522,-6.021566275784629,-5.063879003112277,47.06108834644163,1,276.2
2024-02-06,0.0007246376811593791,-0.02943287867911004,0.029082774049216997,0.040550325850832625,0.8461538461538461,1.8682047668483106,-5.554515084072551,-3.6863103172242404,54.42449908777691,0,287.4
2024-02-07,0.040550325850832625,-0.011834319526627168,0.0007246376811593791,0.004871259568545616,0.3414634146341458,2.480949294705092,-4.934277760396278,-2.453328465691186,55.26217036802659,-1,288.8
2024-02-08,0.004871259568545616,0.0037425149700598404,0.040550325850832625,-0.01731301939058172,0.4117647058823539,2.4608467817113544,-4.31906606496844,-1.8582192832570854,51.613519554615074,0,283.8
2024-02-09,-0.01731301939058172,0.029082774049216997,0.004871259568545616,0.0,0.4333333333333371,2.3586213622406156,-3.729410724408286,-1.3707893621676703,51.61351955461508,1,283.8
2024-02-14,0.0,0.0007246376811593791,-0.01731301939058172,0.009866102889358741,0.3260869565217395,2.3835954048882657,-3.1335118731862197,-0.749916468297954,53.603052641002826,-1,286.6
2024-02-15,0.009866102889358741,0.040550325850832625,0.0,-0.01605024424284729,0.6399999999999977,2.0093030172151636,-2.631186118882429,-0.6218831016672652,49.968055562886555,1,282.0
2024-02-16,-0.01605024424284729,0.004871259568545616,0.009866102889358741,0.02269503546099272,0.5438596491228072,2.101793885521627,-2.1057376475020217,-0.003943761980394811,54.58274280049581,-1,288.4
2024-02-19,0.02269503546099272,-0.01731301939058172,-0.01605024424284729,-0.024271844660194164,0.8684210526315793,1.6220598228602032,-1.700222691786971,-0.07816286892676771,49.233877287366816,0,281.4
2024-02-20,-0.024271844660194164,0.0,0.02269503546099272,-0.00213219616204674,0.37837837837838106,1.2135507575826596,-1.3968350023913063,-0.1832842448086467,48.79251278466472,1,280.8
2024-02-21,-0.00213219616204674,0.009866102889358741,-0.024271844660194164,0.01638176638176625,0.5797101449275358,1.200184785238122,-1.0967888060817759,0.10339597915634613,52.32147825642587,1,285.4
2024-02-22,0.01638176638176625,-0.01605024424284729,-0.00213219616204674,0.009110021023125414,0.6956521739130376,1.30481672317344,-0.770584625288416,0.5342320978850239,54.24098995745215,0,288.0
2024-02-23,0.009110021023125414,0.02269503546099272,0.01638176638176625,-0.002083333333333437,0.08510638297871877,1.2707320207241266,-0.45290162010738433,0.8178304006167423,53.70366808699185,-1,287.4
2024-02-26,-0.002083333333333437,-0.024271844660194164,0.009110021023125414,-0.012526096033402823,0.0416666666666642,0.9571399451234595,-0.21361663382651946,0.7435233112969399,50.4729327305902,-1,283.8
2024-02-27,-0.012526096033402823,-0.00213219616204674,-0.002083333333333437,-0.009161381254404577,0.20000000000000284,0.5464332260517503,-0.0770083273135819,0.4694248987381684,48.21686598736612,-1,281.2
2024-02-28,-0.009161381254404577,0.01638176638176625,-0.012526096033402823,-0.027027027027026862,0.851063829787236,-0.22394689619246422,-0.13299505136169798,-0.3569419475541622,42.26925056420582,0,273.6
2024-02-29,-0.027027027027026862,0.009110021023125414,-0.009161381254404577,0.0007309941520468044,0.45454545454545103,-0.6810905424586211,-0.3032676869763533,-0.9843582294349744,42.47036193625696,0,273.8
2024-03-01,0.0007309941520468044,-0.002083333333333437,-0.027027027027026862,0.0007304601899196239,0.611111111111104,-0.9163870655326845,-0.5323644533595244,-1.4487515188922089,42.68538226283404,0,274.0
2024-03-04,0.0007304601899196239,-0.012526096033402823,0.0007309941520468044,-0.004379562043795526,0.23076923076922656,-1.0875555749906844,-0.8042533471071955,-1.89180892209788,41.67882321397201,-1,272.8
2024-03-05,-0.004379562043795526,-0.009161381254404577,0.0007304601899196239,-0.029325513196480912,0.2857142857142857,-1.6410383065865943,-1.2145129237538441,-2.8555512303404385,35.64429245791601,1,264.8
2024-03-06,-0.029325513196480912,-0.027027027027026862,-0.004379562043795526,0.024169184290030232,0.7678571428571367,-1.4824190893612808,-1.5851176960941644,-3.067536785455445,42.78165882584689,-1,271.2
2024-03-07,0.024169184290030232,0.0007309941520468044,-0.029325513196480912,-0.01327433628318575,0.593749999999995,-1.520581153004259,-1.9652629843452294,-3.4858441373494884,40.08840719264055,0,267.6
2024-03-08,-0.01327433628318575,0.0007304601899196239,0.024169184290030232,-0.0037369207772794955,0.3571428571428593,-1.5106897548170086,-2.342935423049482,-3.8536251778664905,39.34740818706496,1,266.6
2024-03-11,-0.0037369207772794955,-0.004379562043795526,-0.01327433628318575,0.032258064516129004,1.0,-0.8551051609606475,-2.556711713289644,-3.4118168742502917,48.212912505879665,1,275.2
2024-03-12,0.032258064516129004,-0.029325513196480912,-0.0037369207772794955,0.04433139534883712,0.7096774193548363,0.4025131384484668,-2.4560834286775277,-2.053570290229061,57.666280648222234,0,287.4
2024-03-13,0.04433139534883712,0.024169184290030232,0.032258064516129004,-0.0006958942240778976,0.1481481481481493,1.1792916315947064,-2.1612605207788516,-0.9819688891841452,57.48103648921575,0,287.2
2024-03-14,-0.0006958942240778976,-0.01327433628318575,0.04433139534883712,-0.004874651810584885,0.027777777777776024,1.5346999966583084,-1.7775855216142744,-0.24288552495596605,56.1219776130942,-1,285.8
2024-03-15,-0.004874651810584885,-0.0037369207772794955,-0.0006958942240778976,-0.01889433170048993,0.1212121212121139,1.3486020879536034,-1.4404349996258736,-0.09183291167227026,51.10305023966369,1,280.4
2024-03-18,-0.01889433170048993,0.032258064516129004,-0.004874651810584885,0.021398002853067144,0.8260869565217365,1.5573017280260346,-1.051109567619365,0.5061921604066697,55.829670950122456,-1,286.4
2024-03-19,0.021398002853067144,0.04433139534883712,-0.01889433170048993,-0.016759776536312665,0.6451612903225818,1.3097322683013557,-0.723676500544026,0.5860557677573297,51.53759129928542,1,281.6
2024-03-20,-0.016759776536312665,-0.0006958942240778976,0.021398002853067144,0.013494318181818121,0.4722222222222198,1.3350069404539873,-0.3899247654305291,0.9450821750234581,54.51860211439697,1,285.4
2024-03-21,0.013494318181818121,-0.004874651810584885,-0.016759776536312665,0.008409250175192895,0.4651162790697662,1.437582608313193,-0.030529113352230852,1.4070534949609623,56.34503827153448,-1,287.8
2024-03-22,0.008409250175192895,-0.01889433170048993,0.013494318181818121,-0.008339124391938957,0.17499999999999716,1.2736305288225827,0.2878785188534148,1.5615090476759974,54.00930130524522,0,285.4
2024-03-25,-0.008339124391938957,0.021398002853067144,0.008409250175192895,-0.0007007708479327412,0.0357142857142839,1.0887146585132,0.5600571834817148,1.6487718419949147,53.80911813270264,1,285.2
2024-03-26,-0.0007007708479327412,-0.016759776536312665,-0.008339124391938957,0.03786816269284721,0.9178082191780828,1.5998655867985256,0.9600235801813463,2.559889166979872,61.99985083456528,1,296.0
2024-03-27,0.03786816269284721,0.013494318181818121,-0.0007007708479327412,0.00878378378378386,0.508474576271186,1.9935510624939723,1.4584113458048393,3.4519624082988116,63.67004012128611,1,298.6
2024-03-28,0.00878378378378386,0.008409250175192895,0.03786816269284721,0.00602813127930335,0.21951219512194597,2.237375987840239,2.0177553427648993,4.255131330605138,64.82276568452963,1,300.4
2024-04-02,0.00602813127930335,-0.008339124391938957,0.00878378378378386,0.01797603195739028,0.04347826086956253,2.599133675313329,2.6675387615932316,5.2666724369065605,68.09350576104302,0,305.8
2024-04-03,0.01797603195739028,-0.0007007708479327412,0.00602813127930335,-0.002616088947024253,0.6428571428571443,2.6142519305305,3.3211017442258566,5.935353674756357,67.09815572941636,1,305.0
2024-04-05,-0.002616088947024253,0.03786816269284721,0.01797603195739028,0.0052459016393442415,0.05555555555556038,2.5585147654150773,3.960730435579626,6.519245200994703,68.10240776642442,-1,306.6
2024-04-08,0.0052459016393442415,0.00878378378378386,-0.002616088947024253,-0.015003261578604099,0.030303030303028475,2.05978774147522,4.475677370948431,6.535465112423651,62.22222842294994,0,302.0
2024-04-09,-0.015003261578604099,0.00602813127930335,0.0052459016393442415,-0.0013245033112582183,0.4137931034482752,1.5728868659853337,4.868899087444765,6.441785953430099,61.7231565703758,1,301.6
2024-04-10,-0.0013245033112582183,0.01797603195739028,-0.015003261578604099,0.0305039787798409,0.8863636363636365,1.7279871850117345,5.300895883697699,7.028883068709433,68.0672108296361,0,310.8
2024-04-11,0.0305039787798409,-0.002616088947024253,-0.0013245033112582183,0.002574002574002643,0.6842105263157985,1.7373439917176308,5.735231881627107,7.472575873344738,68.55526226339296,-1,311.6
2024-04-12,0.002574002574002643,0.0052459016393442415,0.0305039787798409,-0.017329910141206772,0.5116279069767468,1.2552318150979715,6.049039835401601,7.304271650499572,61.70030848345223,-1,306.2
2024-04-15,-0.017329910141206772,-0.015003261578604099,0.002574002574002643,-0.01698236446766821,0.039999999999997725,0.5002521235668373,6.174102866293311,6.674354989860149,55.90340266765564,-1,301.0
2024-04-16,-0.01698236446766821,-0.0013245033112582183,-0.017329910141206772,-0.008637873754152925,0.07142857142856757,-0.22139260686794948,6.118754714576324,5.897362107708375,53.211442503011206,0,298.4
2024-04-17,-0.008637873754152925,0.0305039787798409,-0.01698236446766821,-0.0033512064343163006,0.161290322580644,-0.7817009596199211,5.923329474671344,5.141628515051423,52.170875978515205,1,297.4
2024-04-18,-0.0033512064343163006,0.002574002574002643,-0.008637873754152925,0.012104909213181081,0.21568627450980304,-0.9161715985582841,5.694286575031773,4.778114976473489,55.54147472438486,0,301.0
2024-04-19,0.012104909213181081,-0.017329910141206772,-0.0033512064343163006,-0.0019933554817276322,0.06896551724137526,-1.0426322828689703,5.433628504314532,4.390996221445562,54.84771891772061,1,300.4
2024-04-22,-0.0019933554817276322,-0.01698236446766821,0.012104909213181081,0.05525965379494013,0.7848101265822764,-0.05740301722049068,5.41927775000941,5.36187473278892,67.09403319570669,1,317.0
2024-04-23,0.05525965379494013,-0.008637873754152925,-0.0019933554817276322,0.03785488958990535,0.7619047619047613,1.2795342054561534,5.739161301373448,7.0186955068296015,72.83072584267063,1,329.0
2024-04-24,0.03785488958990535,-0.0033512064343163006,0.05525965379494013,0.03586626139817639,0.6666666666666686,2.7511508534448987,6.4269490147346735,9.178099868179572,77.06493532963128,-1,340.8
2024-04-25,0.03586626139817639,0.012104909213181081,0.03785488958990535,-0.014084507042253502,0.08000000000000114,3.1643937309577037,7.218047447474101,10.382441178431804,72.13985324994574,1,336.0
2024-04-26,-0.014084507042253502,-0.0019933554817276322,0.03586626139817639,0.02678571428571419,0.7118644067796618,3.766077026032626,8.159566703982257,11.925643730014883,75.32415777871813,0,345.0
2024-04-29,0.02678571428571419,0.05525965379494013,-0.014084507042253502,-0.002318840579710213,0.08333333333333481,3.8203331348210163,9.11464998768751,12.934983122508527,74.50894353111988,0,344.2
2024-04-30,-0.002318840579710213,0.03785488958990535,0.02678571428571419,-0.0011621150493897892,0.35294117647058726,3.5454480473342436,10.001011999521072,13.546460046855316,74.07724854210718,1,343.8
2024-05-02,-0.0011621150493897892,0.03586626139817639,-0.002318840579710213,0.038394415357766,0.7215189873417702,3.938512999708811,10.985640249448275,14.924153249157087,78.50349068195253,1,357.0
2024-05-03,0.038394415357766,-0.014084507042253502,-0.0011621150493897892,0.011204481792717047,0.5500000000000019,4.133531807485239,12.019023201319586,16.152555008804825,79.6380920079574,1,361.0
2024-05-06,0.011204481792717047,0.02678571428571419,0.038394415357766,0.016066481994459814,0.5600000000000023,4.299646560217045,13.093934841373848,17.393581401590893,81.18851799983204,-1,366.8
2024-05-07,0.016066481994459814,-0.002318840579710213,0.011204481792717047,-0.01199563794983649,0.20512820512820776,3.7781968662017125,14.038484057924277,17.81668092412599,76.43377296058323,-1,362.4
2024-05-08,-0.01199563794983649,-0.0011621150493897892,0.016066481994459814,-0.012141280353200834,0.4166666666666667,2.844519077008453,14.749613827176393,17.594132904184846,71.89915120952614,1,358.0
2024-05-09,-0.012141280353200834,0.038394415357766,-0.01199563794983649,0.02346368715083802,0.9166666666666597,2.511792498984377,15.377561951922488,17.889354450906865,74.95409855455112,0,366.4
2024-05-10,0.02346368715083802,0.011204481792717047,-0.012141280353200834,0.0032751091703058233,0.30434782608695193,2.107960512110399,15.90455207995009,18.01251259206049,75.36610500953199,1,367.6
2024-05-13,0.0032751091703058233,0.016066481994459814,0.02346368715083802,0.019586507072905324,0.8000000000000019,2.058832087065028,16.419260101716347,18.478092188781375,77.73293105863625,1,374.8
2024-05-14,0.019586507072905324,-0.01199563794983649,0.0032751091703058233,0.009605122732123661,0.12903225806450902,2.0001642915166578,16.919301174595514,18.91946546611217,78.82825983544818,1,378.4
2024-05-16,0.009605122732123661,-0.012141280353200834,0.019586507072905324,0.04016913319238924,0.4687499999999975,2.67431898740481,17.587880921446718,20.262199908851528,82.6981581416804,0,393.6
2024-05-17,0.04016913319238924,0.02346368715083802,0.009605122732123661,0.0035569105691055647,0.3333333333333333,2.8856732460330754,18.309299232954988,21.194972478988063,83.00626472435593,0,395.0
2024-05-20,0.0035569105691055647,0.0032751091703058233,0.04016913319238924,0.0,0.2857142857142857,2.6999518546534382,18.98428719661835,21.68423905127179,83.00626472435593,-1,395.0
2024-05-21,0.0,0.019586507072905324,0.0035569105691055647,-0.02886075949367084,0.7101449275362309,1.5414118567664588,19.369640160809965,20.911052017576424,71.05651699506595,0,383.6
2024-05-22,-0.02886075949367084,0.009605122732123661,0.0,0.002085505735140547,0.5098039215686269,0.6089228931931849,19.521870884108264,20.13079377730145,71.36802484373314,-1,384.4
2024-05-23,0.002085505735140547,0.04016913319238924,-0.02886075949367084,-0.006763787721123737,0.15789473684210328,-0.3513669644991957,19.434029142983466,19.08266217848427,68.77724205935567,-1,381.8
2024-05-24,-0.006763787721123737,0.0035569105691055647,0.002085505735140547,-0.012572027239392436,0.15384615384615216,-1.4183399269011545,19.07944416125818,17.661104234357026,64.14747178535592,0,377.0
2024-05-27,-0.012572027239392436,0.0,-0.006763787721123737,0.001061007957559701,0.3552631578947343,-2.1611627713156167,18.539153468429276,16.37799069711366,64.36276095015344,1,377.4
2024-05-28,0.001061007957559701,-0.02886075949367084,-0.012572027239392436,0.007419183889772141,0.23809523809523767,-2.5037864803696266,17.91320684833687,15.409420367967243,65.90610152361307,-1,380.2
2024-05-29,0.007419183889772141,0.002085505735140547,0.001061007957559701,-0.024197790636507066,0.6274509803921553,-3.337717553497079,17.078777459962602,13.741059906465523,57.14864236777039,-1,371.0
2024-05-30,-0.024197790636507066,-0.006763787721123737,0.007419183889772141,-0.008086253369272267,0.23809523809523875,-4.0325976702365836,16.070628042403456,12.038030372166872,54.6008164845875,-1,368.0
2024-05-31,-0.008086253369272267,-0.012572027239392436,-0.024197790636507066,-0.02228260869565213,0.5937499999999991,-4.926557323473141,14.838988711535173,9.912431388062032,48.266665577363256,1,359.8
2024-06-03,-0.02228260869565213,0.001061007957559701,-0.008086253369272267,0.042245692051139594,0.6612903225806455,-4.393871377139959,13.740520867250183,9.346649490110224,57.99438499375262,1,375.0
2024-06-04,0.042245692051139594,0.007419183889772141,-0.02228260869565213,0.006399999999999961,0.41379310344827114,-3.801767460452016,12.79007900213718,8.988311541685164,59.29584737487001,1,377.4
2024-06-05,0.006399999999999961,-0.024197790636507066,0.042245692051139594,0.009009009009009139,0.31372549019607765,-3.13097791590266,12.007334523161516,8.876356607258856,61.13305014032648,0,380.8
2024-06-06,0.009009009009009139,-0.008086253369272267,0.006399999999999961,0.0021008403361344463,0.48333333333332956,-2.6048234344800445,11.356128664541506,8.751305230061462,61.572546949481,-1,381.6
2024-06-07,0.0021008403361344463,-0.02228260869565213,0.009009009009009139,-0.017819706498951815,0.6949152542372865,-2.67598262142913,10.687133009184224,8.011150387755094,55.797040902960404,0,374.8
2024-06-11,-0.017819706498951815,0.042245692051139594,0.0021008403361344463,-0.0026680896478121774,0.6153846153846166,-2.741554605827618,10.00174435772732,7.260189751899702,54.980297230922645,-1,373.8
2024-06-12,-0.0026680896478121774,0.006399999999999961,-0.017819706498951815,-0.008025682182985605,0.36585365853658586,-2.9215740182639838,9.271350853161325,6.349776834897341,52.49762053166677,1,370.8
2024-06-13,-0.008025682182985605,0.009009009009009139,-0.0026680896478121774,0.024271844660194164,0.4857142857142906,-2.3914191223382684,8.673496072576759,6.2820769502384906,58.545349027929824,0,379.8
2024-06-14,0.024271844660194164,0.0021008403361344463,-0.008025682182985605,0.0,0.7600000000000022,-2.0128407704225015,8.170285879971134,6.1574451095486324,58.545349027929824,0,379.8
2024-06-17,0.0,-0.017819706498951815,0.024271844660194164,0.0036861506055818616,0.45454545454545453,-1.6551809619286493,7.756490639488972,6.101309677560323,59.4761200092218,-1,381.2
2024-06-18,0.0036861506055818616,-0.0026680896478121774,0.0,-0.011017838405036673,0.6470588235294074,-1.6829880345162227,7.335743630859918,5.652755596343695,55.45353918409277,1,377.0
2024-06-19,-0.011017838405036673,-0.008025682182985605,0.0036861506055818616,0.03183023872679036,0.6825396825396831,-0.9132585637267958,7.10742898992822,6.194170426201424,63.12694124539923,0,389.0
2024-06-20,0.03183023872679036,0.024271844660194164,-0.011017838405036673,-0.0035989717223650075,0.6874999999999989,-0.537074323332261,6.973160409095156,6.436086085762895,61.789662189239685,-1,387.6
2024-06-21,-0.0035989717223650075,0.0,0.03183023872679036,-0.015995872033023883,0.3333333333333386,-0.7323774939105974,6.790066035617507,6.057688541706909,56.11980895109129,0,381.4
2024-06-24,-0.015995872033023883,0.0036861506055818616,-0.0035989717223650075,-0.002621919244887305,0.3999999999999935,-0.9421186989055688,6.554536360891115,5.612417661985546,55.23937307381794,0,380.4
2024-06-25,-0.002621919244887305,-0.011017838405036673,-0.015995872033023883,0.004206098843322792,0.031249999999998335,-0.9818411986032931,6.309076061240292,5.327234862636999,56.4175165627017,0,382.0
2024-06-26,0.004206098843322792,0.03183023872679036,-0.002621919244887305,0.0,0.46666666666666856,-1.0127873959684415,6.055879212248183,5.043091816279741,56.4175165627017,-1,382.0
2024-06-27,0.0,-0.0035989717223650075,0.004206098843322792,-0.019895287958115238,0.6666666666666715,-1.5193164239277595,5.676050106266243,4.1567336823384835,49.272983320230885,-1,374.4
2024-06-28,-0.019895287958115238,-0.015995872033023883,0.0,-0.005341880341880323,0.15384615384614544,-1.9365367210526054,5.191915926003092,3.2553792049504864,47.56589247714253,-1,372.4
2024-07-02,-0.005341880341880323,-0.002621919244887305,-0.019895287958115238,-0.008592910848549962,0.19999999999999896,-2.3480760961617655,4.6048969019626504,2.256820805800885,44.88631456464365,1,369.2
2024-07-03,-0.008592910848549962,0.004206098843322792,-0.005341880341880323,0.027627302275189614,0.8999999999999976,-1.8739727697826227,4.136403709516995,2.2624309397343723,53.8170510843393,1,379.4
2024-07-04,0.027627302275189614,0.0,-0.008592910848549962,0.007907221929362107,0.5365853658536635,-1.324835052127467,3.8051949464851287,2.4803598943576617,56.07169536596395,-1,382.4
2024-07-05,0.007907221929362107,-0.019895287958115238,0.027627302275189614,-0.0067991631799162455,0.7352941176470575,-1.11181328855332,3.5272416243467988,2.4154283357934787,53.62812009274531,0,379.8
2024-07-08,-0.0067991631799162455,-0.005341880341880323,0.007907221929362107,-0.003159557661927326,0.4210526315789478,-1.0287506694713096,3.270053956978972,2.2413032875076624,52.49112011520005,1,378.6
2024-07-09,-0.003159557661927326,-0.008592910848549962,-0.0067991631799162455,0.006339144215530945,0.6451612903225818,-0.7994098835625114,3.070201486088344,2.270791602525833,54.5658655642291,-1,381.0
2024-07-10,0.006339144215530945,0.027627302275189614,-0.003159557661927326,-0.008923884514435598,0.8444444444444407,-0.8587276328445403,2.8555195778772093,1.996791945032669,51.157459294620224,1,377.6
2024-07-11,-0.008923884514435598,0.007907221929362107,0.006339144215530945,0.019067796610169552,0.6923076923076956,-0.41743697485854314,2.751160334162574,2.333723359304031,57.247621391969915,1,384.8
2024-07-12,0.019067796610169552,-0.0067991631799162455,-0.008923884514435598,0.03170478170478175,0.7749999999999986,0.6345318913095208,2.9097933069899544,3.5443251982994752,65.17208831676032,-1,397.0
2024-07-15,0.03170478170478175,-0.003159557661927326,0.019067796610169552,-0.017128463476070555,0.3571428571428581,0.800134242234082,3.1098268675484753,3.9099611097825573,58.646960154265884,-1,390.2
2024-07-16,-0.017128463476070555,0.006339144215530945,0.03170478170478175,-0.03126601742696056,0.8333333333333363,0.05505903189254191,3.1235916255216107,3.1786506574141526,49.140798058548356,-1,378.0
2024-07-17,-0.03126601742696056,-0.008923884514435598,-0.017128463476070555,-0.016402116402116418,0.3555555555555543,-0.838972665154778,2.913848459232917,2.074875794078139,45.136688560099,-1,371.8
2024-07-18,-0.016402116402116418,0.019067796610169552,-0.03126601742696056,-0.006993006993007089,0.2608695652173875,-1.5478450052719102,2.5268872079149394,0.9790422026430292,43.53467784322229,-1,369.2
2024-07-19,-0.006993006993007089,0.03170478170478175,-0.016402116402116418,-0.014084507042253502,0.4814814814814877,-2.2659008622351626,1.960411992356149,-0.3054888698790137,40.44300309571391,1,364.0
2024-07-22,-0.014084507042253502,-0.017128463476070555,-0.006993006993007089,0.025274725274725185,0.576923076923075,-2.0279322897062055,1.4534289199295978,-0.5745033697766075,47.54117034483371,-1,373.2
2024-07-23,0.025274725274725185,-0.03126601742696056,-0.014084507042253502,-0.0187566988210075,0.8461538461538491,-2.2324449177882384,0.8953176904825382,-1.3371272273057002,43.31145530054166,-1,366.2
2024-07-24,-0.0187566988210075,-0.016402116402116418,0.025274725274725185,-0.008192244675040983,0.2888888888888914,-2.4432164514072916,0.28451357763071533,-2.1587028737765763,41.60311272405379,-1,363.2
2024-07-25,-0.008192244675040983,-0.006993006993007089,-0.0187566988210075,-0.033039647577092546,0.849056603773583,-3.2156523435404294,-0.5193995082543921,-3.7350518517948217,35.560976161040955,1,351.2
2024-07-26,-0.033039647577092546,-0.014084507042253502,-0.008192244675040983,0.009111617312072884,0.266666666666661,-3.322278596308822,-1.3499691573315977,-4.67224775364042,38.14098462056427,1,354.4
2024-07-29,0.009111617312072884,0.025274725274725185,-0.033039647577092546,0.010722347629796847,0.19512195121951523,-2.96013599839862,-2.090003156931253,-5.050139155329873,41.1540401122695,-1,358.2
2024-07-30,0.010722347629796847,-0.0187566988210075,0.009111617312072884,-0.012841987716359471,0.3461538461538344,-2.852483907193556,-2.803124133729642,-5.655608040923198,38.69685052871454,1,353.6
2024-07-31,-0.012841987716359471,-0.008192244675040983,0.010722347629796847,0.024321266968325705,0.6329113924050629,-2.061090285582745,-3.3183967051253287,-5.379486990708074,45.275453316287944,1,362.2
2024-08-01,0.024321266968325705,-0.033039647577092546,-0.012841987716359471,0.009387078961899498,0.36000000000000226,-1.2097810905243094,-3.620841977756406,-4.830623068280715,47.66654081505213,-1,365.6
2024-08-02,0.009387078961899498,0.009111617312072884,0.024321266968325705,-0.02024070021881852,0.2826086956521767,-1.0520184429251058,-3.8838465884876827,-4.9358650314127885,43.23840948891515,0,358.2
2024-08-05,-0.02024070021881852,0.010722347629796847,0.009387078961899498,-0.004466778336124966,0.30263157894737014,-0.9646873007461316,-4.125018413674216,-5.089705714420347,42.32291574184754,-1,356.6
2024-08-06,-0.004466778336124966,-0.012841987716359471,-0.02024070021881852,-0.006169377453729807,0.4428571428571461,-0.9621711852564854,-4.365561209988337,-5.327732395244823,41.036321862000506,1,354.4
2024-08-07,-0.006169377453729807,0.024321266968325705,-0.004466778336124966,0.025395033860045046,0.8039215686274508,-0.2959965667710698,-4.439560351681106,-4.7355569184521755,48.000495893277915,1,363.4
2024-08-08,0.025395033860045046,0.009387078961899498,-0.006169377453729807,0.01320858558062743,0.4666666666666667,0.4838648179034841,-4.318594147205236,-3.8347293293017515,51.30390666773572,0,368.2
2024-08-09,0.01320858558062743,-0.02024070021881852,0.025395033860045046,0.004888647474198926,0.18421052631578594,1.1015454254534038,-4.043207790841885,-2.9416623653884812,52.52197588169696,1,370.0
2024-08-12,0.004888647474198926,-0.004466778336124966,0.01320858558062743,0.013513513513513598,0.454545454545453,1.7869003051210557,-3.5964827145616214,-1.8095824094405657,55.82729944363062,1,375.0
2024-08-13,0.013513513513513598,-0.006169377453729807,0.004888647474198926,0.009600000000000053,0.5200000000000046,2.38532723560326,-3.000150905660807,-0.6148236700575467,58.089649552973064,-1,378.6
2024-08-14,0.009600000000000053,0.025395033860045046,0.013513513513513598,-0.01267828843106189,0.48000000000000115,2.3563938637203625,-2.4110524397307165,-0.054658576010353954,54.110324449457224,-1,373.8
2024-08-15,-0.01267828843106189,0.01320858558062743,0.009600000000000053,-0.014446227929374111,0.20754716981131924,1.8920986469124663,-1.9380277780025998,-0.045929131090133524,49.96363159404195,1,368.4
2024-08-16,-0.014446227929374111,0.004888647474198926,-0.01267828843106189,0.011400651465798273,0.09375000000000389,1.7876032796437762,-1.491126958091656,0.2964763215521202,52.981698615782726,0,372.6
2024-08-19,0.011400651465798273,0.013513513513513598,-0.014446227929374111,0.0,0.7812499999999959,1.6419928099039913,-1.0806287556156582,0.5613640542883331,52.981698615782726,-1,372.6
2024-08-20,0.0,0.009600000000000053,0.011400651465798273,-0.005904455179817636,0.5000000000000059,1.3341040377472568,-0.747102746178844,0.5870012915684129,51.10893614981918,0,370.4
2024-08-21,-0.005904455179817636,-0.01267828843106189,0.0,0.003239740820734527,0.4883720930232598,1.15458177170373,-0.45845730325291145,0.6961244684508188,52.10343533703733,1,371.6
2024-08-22,0.003239740820734527,-0.014446227929374111,-0.005904455179817636,0.01668460710441333,0.454545454545453,1.3813847923348233,-0.1131111051692057,1.2682736871656175,56.97321154154059,-1,377.8
2024-08-23,0.01668460710441333,0.011400651465798273,0.003239740820734527,-0.0058231868713605195,0.2799999999999955,1.311758410273304,0.21482849739912036,1.5265869076724243,54.84243908467948,1,375.6
2024-08-26,-0.0058231868713605195,0.0,0.01668460710441333,0.017039403620873195,0.5555555555555565,1.6058278974692408,0.6162854717664307,2.2221133692356716,59.57853412462795,0,382.0
2024-08-27,0.017039403620873195,-0.005904455179817636,-0.0058231868713605195,-0.0005235602094240122,0.7037037037037014,1.687582713309724,1.0381811500938616,2.7257638634035857,59.3689857641915,-1,381.8
2024-08-28,-0.0005235602094240122,0.003239740820734527,0.017039403620873195,-0.019905709795704607,0.8301886792452823,1.1558800292063558,1.3271511573954506,2.4830311866018064,51.89897069110518,1,374.2
2024-08-29,-0.019905709795704607,0.01668460710441333,-0.0005235602094240122,0.009086050240513233,0.844444444444447,0.9669066196798763,1.5688778123154197,2.535784431995296,54.64817266539489,1,377.6
2024-08-30,0.009086050240513233,-0.0058231868713605195,-0.019905709795704607,0.01165254237288127,0.4999999999999968,1.0642694661261323,1.834945178846953,2.8992146449730853,57.99413217780109,-1,382.0
2024-09-02,0.01165254237288127,0.017039403620873195,0.009086050240513233,-0.010994764397905699,0.3235294117647037,0.784740815041105,2.0311303826072296,2.8158711976483346,53.905830547826,0,377.8
2024-09-03,-0.010994764397905699,-0.0005235602094240122,0.01165254237288127,0.001058761249338236,0.030303030303028736,0.5754098992011567,2.174982857407519,2.750392756608676,54.23671128689745,-1,378.2
2024-09-04,0.001058761249338236,-0.019905709795704607,-0.010994764397905699,-0.014278159703860371,0.2592592592592534,0.049597110671875555,2.187382135075488,2.2369792457473636,49.111335753576604,0,372.8
2024-09-05,-0.014278159703860371,0.009086050240513233,0.001058761249338236,0.0016094420600858417,0.48387096774193195,-0.2642234680889888,2.121326268053241,1.8571027999642524,49.68033573536481,-1,373.4
2024-09-09,0.0016094420600858417,0.01165254237288127,-0.014278159703860371,-0.005891805034815234,0.1999999999999981,-0.6068076833947229,1.9696243472045607,1.3628166638098378,47.57961538815822,-1,371.2
2024-09-10,-0.005891805034815234,-0.010994764397905699,0.0016094420600858417,-0.0070043103448275135,0.1304347826086876,-0.9736055862547368,1.7262229506408766,0.7526173643861398,45.149791382773564,0,368.6
2024-09-11,-0.0070043103448275135,0.001058761249338236,-0.005891805034815234,0.0043407487791642385,0.6428571428571341,-1.0660987750985005,1.4596982568662515,0.39359948176775106,46.9453862946255,1,370.2
2024-09-12,0.0043407487791642385,-0.014278159703860371,-0.0070043103448275135,0.006482982171799101,0.21621621621621995,-0.9283304517532012,1.2276156439279513,0.29928519217475014,49.610093972294656,1,372.6
2024-09-13,0.006482982171799101,0.0016094420600858417,0.0043407487791642385,0.005904455179817525,0.5,-0.6641083965176251,1.061588544798545,0.3974801482809198,51.990493110051716,1,374.8
2024-09-16,0.005904455179817525,-0.005891805034815234,0.006482982171799101,0.008004268943436532,0.702702702702698,-0.2819107802657915,0.9911108497320972,0.7092000694663056,55.10498774810413,1,377.8
2024-09-17,0.008004268943436532,-0.0070043103448275135,0.005904455179817525,0.0058231868713605195,0.851063829787236,0.10378460210780371,1.0170570002590482,1.120841602366852,57.29297971403926,1,380.0
2024-09-19,0.0058231868713605195,0.0043407487791642385,0.008004268943436532,0.023157894736842044,0.6969696969696967,0.8924135623430707,1.240160390844816,2.1325739531878867,64.7031509082593,0,388.8
2024-09-20,0.023157894736842044,0.006482982171799101,0.0058231868713605195,-0.0005144032921809982,0.14583333333333148,1.3158592844341153,1.569125211953345,2.8849844963874602,64.42953209533547,0,388.6
2024-09-23,-0.0005144032921809982,0.005904455179817525,0.023157894736842044,-0.00257334019557387,0.05882352941176126,1.4341642626341158,1.9276662776118738,3.3618305402459896,62.9950935819363,1,387.6
2024-09-24,-0.00257334019557387,0.008004268943436532,-0.0005144032921809982,0.037667698658410576,0.7187499999999984,2.3472979967741163,2.514490776805403,4.861788773579519,72.59004567607624,1,402.2
2024-09-25,0.037667698658410576,0.0058231868713605195,-0.00257334019557387,0.007956240676280535,0.7590361445783136,2.977875683054446,3.258959697569015,6.236835380623461,74.17084075827313,1,405.4
2024-09-26,0.007956240676280535,0.023157894736842044,0.037667698658410576,0.060680809077454434,0.948275862068966,4.757207612915508,4.448261600797892,9.2054692137134,82.51786332586997,1,430.0
2024-09-27,0.060680809077454434,-0.0005144032921809982,0.007956240676280535,0.018139534883720998,0.4426229508196707,6.080301537044431,5.9683369850590005,12.048638522103431,84.25526722161607,1,437.8
2024-09-30,0.018139534883720998,-0.00257334019557387,0.060680809077454434,0.015532206486980282,0.21551724137931044,6.970399647228313,7.710936896866079,14.681336544094393,85.59895758545245,1,444.6
2024-10-02,0.015532206486980282,0.037667698658410576,0.018139534883720998,0.057130004498425535,0.6578947368421045,8.713565552246799,9.889328284927778,18.602893837174577,89.27935243894089,-1,470.0
2024-10-03,0.057130004498425535,0.007956240676280535,0.015532206486980282,-0.008085106382978768,0.20512820512820532,9.016702425269482,12.14350389124515,21.160206316514632,85.74864045512774,1,466.2
2024-10-04,-0.008085106382978768,0.060680809077454434,0.057130004498425535,0.024453024453024552,0.45238095238095344,9.35084366455165,14.481214807383065,23.832058471934715,87.36320080367855,0,477.6
2024-10-07,0.024453024453024552,0.018139534883720998,-0.008085106382978768,0.0016750418760467234,0.10937500000000305,8.989121903385573,16.728495283229456,25.71761718661503,87.47047674919396,-1,478.4
2024-10-08,0.0016750418760467234,0.015532206486980282,0.024453024453024552,-0.08319397993311028,0.8743455497382195,5.598723568954888,18.128176175468177,23.726899744423065,60.12445357598,-1,438.6
2024-10-09,-0.08319397993311028,0.057130004498425535,0.0016750418760467234,-0.010031919744642126,0.5103448275862073,2.734124392302423,18.811707273543785,21.545831665846208,57.966873856527286,1,434.2
2024-10-10,-0.010031919744642126,-0.008085106382978768,-0.08319397993311028,0.010594196222938779,0.06557377049180396,0.9173803155011697,19.04105235241908,19.95843266792025,59.59915872971518,-1,438.8
2024-10-14,0.010594196222938779,0.024453024453024552,-0.010031919744642126,-0.006381039197812188,0.2857142857142862,-0.6216933660636386,18.885629010903173,18.263935644839535,58.11966791915,-1,436.0
2024-10-15,-0.006381039197812188,0.0016750418760467234,0.010594196222938779,-0.04357798165137616,0.7924528301886802,-2.9384770265866216,18.151009754256517,15.212532727669895,49.19532535269207,0,417.0
2024-10-16,-0.04357798165137616,-0.08319397993311028,-0.006381039197812188,-0.0028776978417266452,0.06060606060606152,-4.478612807895761,17.031356552282578,12.552743744386817,48.686841648438936,-1,415.8
2024-10-17,-0.0028776978417266452,-0.010031919744642126,-0.04357798165137616,-0.007696007696007645,0.32142857142856984,-5.5686519451892575,15.639193565985265,10.070541620796007,47.28333423312834,1,412.6
2024-10-18,-0.007696007696007645,0.010594196222938779,-0.0028776978417266452,0.04411051866214244,0.7520661157024775,-4.941047483150054,14.403931695197752,9.462884212047697,55.19450070650662,-1,430.8
2024-10-21,0.04411051866214244,-0.006381039197812188,-0.007696007696007645,-0.022748375116063202,0.786885245901642,-5.045390292512012,13.142584122069751,8.097193829557739,50.77585476727183,0,421.0
2024-10-22,-0.022748375116063202,-0.04357798165137616,0.04411051866214244,0.0014251781472685021,0.2857142857142785,-4.927830480170215,11.910626502027199,6.982796021856984,51.03431580266238,1,421.6
2024-10-23,0.0014251781472685021,-0.0028776978417266452,-0.022748375116063202,0.01565464895635671,0.3333333333333333,-4.283211577766146,10.839823607585664,6.556612029819519,53.90165827582167,-1,428.2
2024-10-24,0.01565464895635671,-0.007696007696007645,0.0014251781472685021,-0.014479215319943894,0.5,-4.149138027864348,9.802539100619578,5.65340107275523,50.88707250535054,0,422.0
2024-10-25,-0.014479215319943894,0.04411051866214244,0.01565464895635671,-0.0023696682464454666,0.7333333333333358,-4.00078419433407,8.802343052036061,4.801558857701991,50.397488292634655,-1,421.0
2024-10-28,-0.0023696682464454666,-0.022748375116063202,-0.014479215319943894,-0.009026128266033329,0.44186046511628213,-4.020827571012475,7.7971361592829425,3.7763085882704672,48.48839975758856,0,417.2
2024-10-29,-0.009026128266033329,0.0014251781472685021,-0.0023696682464454666,0.0028763183125599667,0.12195121951219529,-3.8171157512755487,6.8428572214640555,3.025741470188507,49.14355691791411,-1,418.4
2024-10-30,0.0028763183125599667,0.01565464895635671,-0.009026128266033329,-0.017686424474187334,0.3513513513513555,-4.023969349404034,5.836864884113048,1.812895534709014,45.31595515838204,-1,411.0
2024-10-31,-0.017686424474187334,-0.014479215319943894,0.0028763183125599667,-0.015571776155717698,0.40845070422534924,-4.4043246861230445,4.735783712582287,0.3314590264592425,42.25096075785621,1,404.6
2024-11-01,-0.015571776155717698,-0.0023696682464454666,-0.017686424474187334,0.036085022244191745,0.8048780487804882,-3.5232794090113067,3.8549638603294603,0.3316844513181536,50.4794738196333,0,419.2
2024-11-04,0.036085022244191745,-0.009026128266033329,-0.015571776155717698,-0.0004770992366411875,0.5128205128205121,-2.834269671867922,3.14639644236248,0.31212677049455806,50.373587147028125,1,419.0
2024-11-05,-0.0004770992366411875,0.0028763183125599667,0.036085022244191745,0.021002386634844994,1.0,-1.7209242715307198,2.7161653744798,0.9952411029490804,54.86024582013884,-1,427.8
2024-11-06,0.021002386634844994,-0.017686424474187334,-0.0004770992366411875,-0.01870032725572701,0.39999999999999913,-1.468191321467998,2.3491175441128007,0.8809262226448027,50.3993028182198,1,419.8
2024-11-07,-0.01870032725572701,-0.015571776155717698,0.021002386634844994,0.02048594568842299,0.7499999999999962,-0.7054027368878453,2.1727668598908396,1.4673641230029943,54.66684675374946,-1,428.4
2024-11-08,0.02048594568842299,0.036085022244191745,-0.01870032725572701,-0.017740429505135324,0.855421686746986,-0.6951461983843823,1.9989803102947443,1.303834111910362,50.52938443066948,-1,420.8
2024-11-11,-0.017740429505135324,-0.0004770992366411875,0.02048594568842299,-0.018060836501901156,0.19354838709677094,-1.1555154532900165,1.7101014469722404,0.5545859936822239,46.721275183062026,-1,413.2
2024-11-12,-0.018060836501901156,0.021002386634844994,-0.017740429505135324,-0.022749273959341676,0.5185185185185148,-1.9989686623185507,1.210359281392603,-0.7886093809259478,42.459065891244954,0,403.8
2024-11-13,-0.022749273959341676,-0.01870032725572701,-0.018060836501901156,0.0,0.589285714285717,-2.4338741674469624,0.6018907395308624,-1.8319834279161,42.45906589124496,0,403.8
2024-11-14,0.0,0.02048594568842299,-0.022749273959341676,-0.00099058940069352,0.1046511627906951,-2.6098911954063198,-0.05058205932071763,-2.6604732547270373,42.26876485822874,-1,403.4
2024-11-15,-0.00099058940069352,-0.017740429505135324,0.0,-0.005949429846306309,0.375,-2.7361016955936632,-0.7346074832191335,-3.470709178812797,41.07909219647044,1,401.0
2024-11-18,-0.005949429846306309,-0.018060836501901156,-0.00099058940069352,0.007980049875311757,0.08474576271186474,-2.460863219513876,-1.3498232880976024,-3.8106865076114786,43.36782242393305,0,404.2
2024-11-19,0.007980049875311757,-0.022749273959341676,-0.005949429846306309,0.004948045522018774,0.07142857142857723,-2.019405149717506,-1.8546745755269791,-3.874079725244485,44.81074946740522,1,406.2
2024-11-20,0.004948045522018774,0.0,0.007980049875311757,0.011324470704086709,0.3421052631578967,-1.3263772615360319,-2.186268890910987,-3.5126461524470187,48.08694787206357,-1,410.8
2024-11-21,0.011324470704086709,-0.00099058940069352,0.004948045522018774,-0.007789678675754641,0.40909090909090084,-1.0067546476810953,-2.4379575528312607,-3.444712200512356,46.039453629912636,-1,407.6
2024-11-22,-0.007789678675754641,-0.005949429846306309,0.011324470704086709,-0.01717369970559368,0.6406250000000014,-1.1781428963007925,-2.732493276906459,-3.9106361732072514,41.84239745654829,-1,400.6
2024-11-25,-0.01717369970559368,0.007980049875311757,-0.007789678675754641,-0.013479780329505808,0.5581395348837245,-1.5435092977774114,-3.118370601350812,-4.661879899128223,38.896576153431724,0,395.2
2024-11-26,-0.013479780329505808,0.004948045522018774,-0.01717369970559368,-0.003542510121457454,0.2285714285714318,-1.7525157117986105,-3.556499529300465,-5.309015241099075,38.14674025328922,1,393.8
2024-11-27,-0.003542510121457454,0.011324470704086709,-0.013479780329505808,0.022854240731335684,0.577464788732394,-1.1848642117809631,-3.852715582245706,-5.037579794026669,45.429736156225545,-1,402.8
2024-11-28,0.022854240731335684,-0.007789678675754641,-0.003542510121457454,-0.006951340615690249,0.20588235294117277,-0.9105236950748354,-4.080346506014416,-4.990870201089251,43.705549562376156,-1,400.0
2024-11-29,-0.006951340615690249,-0.01717369970559368,0.022854240731335684,-0.0050000000000000044,0.3846153846153841,-0.7812768048071392,-4.275665707216201,-5.05694251202334,42.46578323732619,0,398.0
2024-12-02,-0.0050000000000000044,-0.013479780329505808,-0.006951340615690249,0.004522613065326642,0.3000000000000019,-0.5054593138372221,-4.4020305356755065,-4.907489849512729,44.00527565423705,1,399.8
2024-12-03,0.004522613065326642,-0.003542510121457454,-0.0050000000000000044,0.01150575287643818,0.11999999999999886,0.027608484174595382,-4.395128414631858,-4.367519930457263,47.84596575939987,0,404.4
2024-12-04,0.01150575287643818,0.022854240731335684,0.004522613065326642,-0.0029673590504450953,0.17241379310344793,0.3237661205865976,-4.31418688448521,-3.990420763898612,46.94142830772671,0,403.2
2024-12-05,-0.0029673590504450953,-0.006951340615690249,0.01150575287643818,0.004960317460317443,0.31034482758620824,0.6593865804789063,-4.1493402393654835,-3.489953658886577,48.68274622321587,1,405.2
2024-12-06,0.004960317460317443,-0.0050000000000000044,-0.0029673590504450953,0.018262586377097767,0.6041666666666664,1.3452603037309112,-3.813025163432756,-2.4677648597018447,54.61743512487143,1,412.6
2024-12-09,0.018262586377097767,0.004522613065326642,0.004960317460317443,0.015026660203586895,0.8400000000000015,2.135064036066468,-3.279259154416139,-1.1441951183496712,58.90551392417398,-1,418.8
2024-12-10,0.015026660203586895,0.01150575287643818,0.018262586377097767,-0.018147086914995225,0.9126213592233006,2.063056264397938,-2.7634950883166547,-0.7004388239187165,52.372900847338514,0,411.2
2024-12-11,-0.018147086914995225,-0.0029673590504450953,0.015026660203586895,-0.003404669260700377,0.6410256410256401,1.8456238975905497,-2.3020891139190174,-0.4564652163284677,51.245480971502126,1,409.8
2024-12-12,-0.003404669260700377,0.004960317460317443,-0.018147086914995225,0.014153245485602817,0.11764705882353088,2.0037210051439676,-1.8011588626330255,0.20256214251094207,55.517676875717285,-1,415.6
2024-12-13,0.014153245485602817,0.018262586377097767,-0.003404669260700377,-0.013955726660250245,0.5,1.644053214624087,-1.3901455589770038,0.2539076556470832,50.73039287869671,-1,409.8
2024-12-16,-0.013955726660250245,0.015026660203586895,0.014153245485602817,-0.010248901903367469,0.5789473684210522,1.0770759289411274,-1.120876576741722,-0.04380064780059456,47.53394417636496,-1,405.6
2024-12-17,-0.010248901903367469,-0.018147086914995225,-0.013955726660250245,-0.007396449704141994,0.09677419354839094,0.48400927681229866,-0.9998742575386473,-0.5158649807263487,45.336566116973,1,402.6
2024-12-18,-0.007396449704141994,-0.003404669260700377,-0.010248901903367469,0.008445106805762492,0.4166666666666657,0.31300974251727,-0.92162182190933,-0.60861207939206,48.25602947318858,1,406.0
2024-12-19,0.008445106805762492,0.014153245485602817,-0.007396449704141994,0.022660098522167438,0.6310679611650478,0.7849468166566368,-0.7253851177451708,0.05956169891146601,55.224537334826756,1,415.2
2024-12-20,0.022660098522167438,-0.013955726660250245,0.008445106805762492,0.026974951830443183,0.7820512820512802,1.7609706550068336,-0.28514245399346233,1.4758282010133712,61.94378322589644,-1,426.4
2024-12-23,0.026974951830443183,-0.010248901903367469,0.022660098522167438,-0.01454033771106944,0.7027027027027045,1.887340570213988,0.1866926885600347,2.0740332587740227,56.85722025098227,0,420.2
2024-12-24,-0.01454033771106944,-0.007396449704141994,0.026974951830443183,-0.0004759638267491928,0.25,1.8531436991320631,0.6499786133430505,2.5031223124751136,56.69548742236655,-1,420.0
2024-12-27,-0.0004759638267491928,0.008445106805762492,-0.01454033771106944,-0.006190476190476191,0.03703703703704561,1.5627132510843476,1.0406569261141376,2.603370177198485,54.52413951243325,0,417.4
2024-12-30,-0.006190476190476191,0.022660098522167438,-0.0004759638267491928,0.003833253473886078,0.16666666666666666,1.3913778534945784,1.3885013894877822,2.7798792429823607,55.649801012132855,0,419.0
2024-12-31,0.003833253473886078,0.026974951830443183,-0.006190476190476191,-0.004773269689737458,0.0357142857142839,1.0707557896187976,1.656190336892482,2.7269461265112795,53.85527470696827,0,417.0
2025-01-02,-0.004773269689737458,-0.01454033771106944,0.003833253473886078,-0.0023980815347721673,0.08771929824561421,0.7347484686508978,1.8398774540552068,2.5746259227061046,52.93611086453478,0,416.0
2025-01-03,-0.0023980815347721673,-0.0004759638267491928,-0.004773269689737458,-0.0043269230769230616,0.44186046511627924,0.35398325415209686,1.928373267593231,2.282356521745328,51.240843712778975,-1,414.2
2025-01-06,-0.0043269230769230616,-0.006190476190476191,-0.0023980815347721673,-0.011588604538870118,0.7179487179487198,-0.2271347900713645,1.87158957007539,1.6444547800040255,46.92519926830226,-1,409.4
2025-01-07,-0.011588604538870118,0.003833253473886078,-0.0043269230769230616,-0.07278944797264275,0.06172839506172844,-2.4982908476671044,1.2470168581586139,-1.2512739895084906,30.020510779112755,-1,379.6
2025-01-08,-0.07278944797264275,-0.004773269689737458,-0.011588604538870118,-0.027397260273972712,0.14084507042253533,-4.465915448863937,0.1305379959426296,-4.335377452921307,26.440586145026245,1,369.2
2025-01-09,-0.027397260273972712,-0.0023980815347721673,-0.07278944797264275,0.011375947995666325,0.5833333333333327,-5.1982296642235255,-1.1690194201132518,-6.367249084336777,30.067486142178268,-1,373.4
2025-01-10,0.011375947995666325,-0.0043269230769230616,-0.027397260273972712,-0.010176754151044354,0.40816326530612435,-5.616579634061207,-2.573164328628554,-8.18974396268976,28.689214052847603,-1,369.6
2025-01-13,-0.010176754151044354,-0.011588604538870118,0.011375947995666325,-0.009740259740259827,0.17647058823529216,-5.7906474467277205,-4.020826190310484,-9.811473637038205,27.407444438510225,1,366.0
2025-01-14,-0.009740259740259827,-0.07278944797264275,-0.010176754151044354,0.024590163934426146,0.6714285714285698,-4.985178392476634,-5.267120788429644,-10.252299180906277,35.20177984172024,1,375.0
2025-01-15,0.024590163934426146,-0.027397260273972712,-0.009740259740259827,0.01333333333333342,0.5322580645161319,-3.8518870509387684,-6.2300925511643355,-10.081979602103104,39.11309728806491,1,380.0
2025-01-16,0.01333333333333342,0.011375947995666325,0.024590163934426146,0.0063157894736840525,0.16000000000000228,-2.7296787516814085,-6.912512239084688,-9.642190990766096,40.955420989157815,-1,382.4
2025-01-17,0.0063157894736840525,-0.010176754151044354,0.01333333333333342,-0.0067991631799162455,0.31578947368420657,-1.986111931075654,-7.409040221853602,-9.395152152929256,39.558944768393474,1,379.8
2025-01-20,-0.0067991631799162455,-0.009740259740259827,0.0063157894736840525,0.026329647182727678,0.7619047619047623,-0.7102199402636975,-7.586595206919527,-8.296815147183224,47.0387714805555,-1,389.8
2025-01-21,0.026329647182727678,0.024590163934426146,-0.0067991631799162455,-0.0061570035915855525,0.7931034482758644,0.04271849147885565,-7.575915584049814,-7.533197092570958,45.580837936259954,-1,387.4
2025-01-22,-0.0061570035915855525,0.01333333333333342,0.026329647182727678,-0.01032524522457412,0.21052631578947606,0.3262038607355793,-7.49436461886592,-7.168160758130341,43.1787691023995,-1,383.4
2025-01-23,-0.01032524522457412,0.0063157894736840525,-0.0061570035915855525,-0.005738132498695814,0.2812500000000028,0.4147126840383901,-7.390686447856323,-6.975973763817933,41.871780077357194,1,381.2
2025-01-24,-0.005738132498695814,-0.0067991631799162455,-0.01032524522457412,0.024658971668415575,0.7254901960784356,1.115713893079623,-7.111757974586419,-5.9960440815067955,48.97814899227531,1,390.6
2025-01-27,0.024658971668415575,0.026329647182727678,-0.005738132498695814,0.01280081925243226,0.7600000000000022,1.8805251633789979,-6.64162668374167,-4.761101520362672,52.317388663934274,1,395.6
2025-01-28,0.01280081925243226,-0.0061570035915855525,0.024658971668415575,0.01415571284125372,0.028571428571426947,2.6792431743409963,-5.971815890156421,-3.2925727158154245,55.806035817630956,1,401.2
2025-02-03,0.01415571284125372,-0.01032524522457412,0.01280081925243226,0.007477567298105781,0.3962264150943377,3.2853106924386113,-5.150488217046768,-1.865177524608157,57.59591067241828,1,404.2
2025-02-04,0.007477567298105781,-0.005738132498695814,0.01415571284125372,0.04106877783275609,0.8169014084507065,4.59928989339347,-4.0006657436984,0.5986241496950697,65.84009782948718,-1,420.8
2025-02-05,0.04106877783275609,0.024658971668415575,0.007477567298105781,-0.0071292775665399155,0.32758620689655205,5.026784538839236,-2.7439696089885914,2.2828149298506446,63.43961560377093,1,417.8
2025-02-06,-0.0071292775665399155,0.01280081925243226,0.04106877783275609,0.006223073240785082,0.5999999999999984,5.222159721836885,-1.4384296785293706,3.7837300433075143,64.64277448786277,1,420.4
2025-02-07,0.006223073240785082,0.01415571284125372,-0.0071292775665399155,0.018553758325404512,0.5342465753424678,5.581754526249969,-0.04299104696687839,5.538763479283091,68.04071111234549,1,428.2
2025-02-10,0.018553758325404512,0.007477567298105781,0.006223073240785082,0.02055114432508187,0.6727272727272706,6.076524170233349,1.476139995591459,7.552664165824808,71.38224183297223,-1,437.0
2025-02-11,0.02055114432508187,0.04106877783275609,0.018553758325404512,-0.021967963386727796,0.8076923076923109,5.441987500598481,2.8366368707410796,8.27862437133956,63.57323333850634,1,427.4
2025-02-12,-0.021967963386727796,-0.0071292775665399155,0.02055114432508187,0.03930744033692091,0.8172043010752672,5.805269907102634,4.287954347516738,10.093224254619372,69.79967663190097,0,444.2
2025-02-13,0.03930744033692091,0.006223073240785082,-0.021967963386727796,-0.004952723998199016,0.2536231884057969,5.549155118578852,5.675243127161451,11.224398245740304,68.15671971128556,1,442.0
2025-02-14,-0.004952723998199016,0.018553758325404512,0.03930744033692091,0.07420814479638005,0.8865248226950359,7.1392107149776844,7.460045805905873,14.599256520883557,76.89045473468342,1,474.8
2025-02-17,0.07420814479638005,0.02055114432508187,-0.004952723998199016,0.03959561920808774,0.4592592592592584,8.893337801796115,9.683380256354901,18.576718058151016,80.23638764019836,1,493.6
2025-02-18,0.03959561920808774,-0.021967963386727796,0.07420814479638005,0.02005672609400322,0.4843750000000009,10.07010055600312,12.200905395355683,22.271005951358802,81.7360151386407,-1,503.5
2025-02-19,0.02005672609400322,0.03930744033692091,0.03959561920808774,-0.01132075471698113,0.3013698630136966,9.804787332156813,14.652102228394888,24.4568895605517,78.06329132509217,-1,497.8
2025-02-20,-0.01132075471698113,-0.004952723998199016,0.02005672609400322,-0.022097227802330255,0.4230769230769218,8.288936268656144,16.724336295558928,25.01327256421507,71.39597512057341,1,486.8
2025-02-21,-0.022097227802330255,0.07420814479638005,-0.01132075471698113,0.06203779786359909,0.681818181818181,8.679131318629892,18.8941191252164,27.57325044384629,77.16289782465705,-1,517.0
2025-02-24,0.06203779786359909,0.03959561920808774,-0.022097227802330255,-0.03829787234042559,1.0,7.032879790227462,20.652339072773266,27.685218863000728,67.54746246427796,-1,497.2
2025-02-25,-0.03829787234042559,0.02005672609400322,0.06203779786359909,-0.02493966210780363,0.4794520547945198,4.652743581049155,21.815524968035557,26.468268549084712,62.310684905854096,1,484.8
2025-02-26,-0.02493966210780363,-0.01132075471698113,-0.03829787234042559,0.034447194719471996,0.6683168316831687,3.783882818062647,22.761495672551224,26.54537849061387,66.12024492017457,-1,501.5
2025-02-27,0.034447194719471996,-0.022097227802330255,-0.02493966210780363,-0.012163509471585288,0.3970588235294133,2.4441403740127114,23.372530766054403,25.816671140067115,63.591787444668746,-1,495.4
2025-02-28,-0.012163509471585288,0.06203779786359909,0.034447194719471996,-0.033911990310859785,0.6513761467889899,0.1910702343426287,23.42029832464006,23.61136855898269,57.1139837345262,1,478.6
2025-03-03,-0.033911990310859785,-0.03829787234042559,-0.012163509471585288,0.009611366485582806,0.02325581395349037,-1.1510838331165516,23.132527366360925,21.981443533244374,58.36459623553631,1,483.2
2025-03-04,0.009611366485582806,-0.02493966210780363,-0.033911990310859785,0.01614238410596025,0.6060606060606057,-1.6450953427576636,22.72125353067151,21.076158187913848,60.46963150487,1,491.0
2025-03-05,0.01614238410596025,0.034447194719471996,0.009611366485582806,0.029531568228105876,0.3181818181818182,-1.1502827761265095,22.433682836639882,21.283400060513372,64.10302573884695,1,505.5
2025-03-06,0.029531568228105876,-0.012163509471585288,0.01614238410596025,0.076162215628091,1.0,1.472612331173611,22.801835919433284,24.274448250606895,71.573967061681,-1,544.0
2025-03-07,0.076162215628091,-0.033911990310859785,0.029531568228105876,-0.01930147058823528,0.3055555555555556,2.1614299430546566,23.34219340519695,25.503623348251608,67.45091713371636,-1,533.5
2025-03-10,-0.01930147058823528,0.009611366485582806,0.076162215628091,-0.03186504217432051,0.45098039215686275,1.1821551418153362,23.637732190650787,24.819887332466124,61.29448352395112,0,516.5
2025-03-11,-0.03186504217432051,0.01614238410596025,-0.01930147058823528,0.0019361084220717029,0.8205128205128205,0.3547111136326464,23.72640996905895,24.081121082691595,61.51699177333921,-1,517.5
2025-03-12,0.0019361084220717029,0.029531568228105876,-0.03186504217432051,-0.010628019323671523,0.55,-0.7498156173988022,23.538956064709247,22.789140447310444,59.4912967628855,-1,512.0
2025-03-13,-0.010628019323671523,0.076162215628091,0.0019361084220717029,-0.0087890625,0.32738095238095216,-1.904584656925426,23.06280990047789,21.158225243552465,57.81386268131796,1,507.5
2025-03-14,-0.0087890625,-0.01930147058823528,-0.010628019323671523,0.02758620689655178,0.3617021276595745,-1.8453419865264706,22.601474403846275,20.756132417319805,61.455177912648644,1,521.5
2025-03-17,0.02758620689655178,-0.03186504217432051,-0.0087890625,0.0057526366251199335,0.6,-1.7260742886701763,22.169955831678735,20.44388154300856,62.207955712869705,1,524.5
2025-03-18,0.0057526366251199335,0.0019361084220717029,0.02758620689655178,0.03145853193517634,0.25,-0.7099637422925191,21.992464896105606,21.282501153813087,66.12636610732939,0,541.0
2025-03-19,0.03145853193517634,-0.010628019323671523,0.0057526366251199335,-0.001848428835489857,0.22727272727272727,-0.30018663290869796,21.91741823787843,21.61723160496973,65.68188238108559,-1,540.0
2025-03-20,-0.001848428835489857,-0.0087890625,0.03145853193517634,-0.037962962962962976,0.9130434782608695,-1.535689026786926,21.5334959811817,19.997806954394775,57.194495729551456,-1,519.5
2025-03-21,-0.037962962962962976,0.02758620689655178,-0.001848428835489857,-0.015399422521655493,0.3170731707317073,-2.9364327182402477,20.79938780162164,17.862955083381394,54.24846894195376,0,511.5
2025-03-24,-0.015399422521655493,0.0057526366251199335,-0.037962962962962976,0.0029325513196480912,0.07692307692307693,-3.7543566244205806,19.860798645516496,16.106442021095916,54.71942495390892,-1,513.0
2025-03-25,0.0029325513196480912,0.03145853193517634,-0.015399422521655493,-0.021442495126705707,0.7586206896551724,-4.953267317115639,18.62248181623759,13.66921449912195,50.60548092224711,1,502.0
2025-03-26,-0.021442495126705707,-0.001848428835489857,0.0029325513196480912,0.008964143426294813,0.5294117647058824,-5.327660979708146,17.290566571310553,11.962905591602407,52.189091388874346,0,506.5
2025-03-27,0.008964143426294813,-0.037962962962962976,-0.021442495126705707,0.0049358341559724295,0.0,-5.281129517519881,15.970284191930583,10.689154674410702,53.08891474276704,0,509.0
2025-03-28,0.0049358341559724295,-0.015399422521655493,0.008964143426294813,0.0009823182711199419,0.15384615384615385,-5.088808163133521,14.698082151147204,9.609273988013683,53.278307561894465,-1,509.5
2025-03-31,0.0009823182711199419,0.0029325513196480912,0.0049358341559724295,-0.024533856722276703,0.620155038759691,-5.633221538395709,13.289776766548279,7.65655522815257,48.05493813272601,1,497.0
2025-04-01,-0.024533856722276703,-0.021442495126705707,0.0009823182711199419,0.014084507042253502,0.2608695652173913,-5.3535832247322865,11.95138096036521,6.597797735632923,50.954751024411486,0,504.0
2025-04-02,0.014084507042253502,0.008964143426294813,-0.024533856722276703,0.0,0.10204081632653049,-5.00662612710307,10.699724428589443,5.693098301486373,50.954751024411486,-1,504.0
2025-04-03,0.0,0.0049358341559724295,0.014084507042253502,-0.012301587301587258,0.5161290322580651,-5.01992138623228,9.444744082031374,4.424822695799094,48.191266332775335,-1,497.8
2025-04-07,-0.012301587301587258,0.0009823182711199419,0.0,-0.12535154680594618,0.20382165605095665,-8.83343017416464,7.236386538490215,-1.5970436356744244,30.35044029286408,1,435.4
2025-04-08,-0.12535154680594618,-0.024533856722276703,-0.012301587301587258,0.011483693155718955,0.018867924528303506,-10.507485031895856,4.60951528051625,-5.897969751379605,32.506586040910506,0,440.4
2025-04-09,0.011483693155718955,0.014084507042253502,-0.12535154680594618,0.0018165304268846771,0.5428571428571425,-10.996900396601326,1.8602901813659187,-9.136610215235407,32.86469515177721,1,441.2
2025-04-10,0.0018165304268846771,0.0,0.011483693155718955,0.008159564823209564,0.8172043010752672,-10.514397096083195,-0.7683090926548801,-11.282706188738075,34.5476649261369,0,444.8
2025-04-11,0.008159564823209564,-0.012301587301587258,0.0018165304268846771,-0.003147482014388525,0.1650485436893191,-9.74313150697089,-3.2040919693976027,-12.947223476368492,34.188727694919194,1,443.4
2025-04-14,-0.003147482014388525,-0.12535154680594618,0.008159564823209564,0.02390617952187646,0.09615384615384637,-8.04328779291091,-5.2149139176253305,-13.258201710536241,39.32853464032325,0,454.0
2025-04-15,0.02390617952187646,0.011483693155718955,-0.003147482014388525,0.004405286343612369,0.6615384615384633,-6.3810375449931085,-6.810173303873609,-13.191210848866717,40.27630259420061,-1,456.0
2025-04-16,0.004405286343612369,0.0018165304268846771,0.02390617952187646,-0.01754385964912286,0.2280701754385978,-5.453121020941275,-8.173453559108928,-13.626574580050203,37.736917133372366,1,448.0
2025-04-17,-0.01754385964912286,0.008159564823209564,0.004405286343612369,0.022321428571428603,0.6229508196721336,-3.872966851522852,-9.141695271989642,-13.014662123512494,42.60799557060773,1,458.0
2025-04-22,0.022321428571428603,-0.003147482014388525,-0.01754385964912286,0.005240174672489051,0.0416666666666642,-2.4430240247124893,-9.752451278167765,-12.195475302880254,43.745486137118625,1,460.4
2025-04-23,0.005240174672489051,0.02390617952187646,0.022321428571428603,0.029973935708079935,0.22500000000000142,-0.44910120977479195,-9.864726580611464,-10.313827790386256,49.894864050602806,-1,474.2
