Date,Return_Lag_5,Return_Lag_1,Return_Lag_2,MACD_HIST,Return_Skew,Return_Kurt,OBV,ATR,Volume_Ratio,Target,Close,Close
2024-01-02,-0.005148005148005175,0.002071823204419676,0.02840909090909083,-1.9620381733263206,-2.36018041880144,9.849486599593472,-9308645,12.014285714285721,0.39948115908908965,1,293.2,293.2
2024-01-03,-0.12483829236739963,0.010337698139214258,0.002071823204419676,-1.198531272944308,-2.5620491562734364,10.975699079328376,-9104728,11.94285714285715,0.6153859617991552,-1,297.2,297.2
2024-01-04,0.04065040650406493,0.013642564802182733,0.010337698139214258,-0.7393284728766045,-2.734740304380992,12.053586938189513,-9306902,12.000000000000009,0.8324809805927104,-1,295.4,295.4
2024-01-05,0.02840909090909083,-0.00605652759084796,0.013642564802182733,-0.7995694642963915,-2.6192608962817654,11.341127212498654,-9544352,12.157142857142864,1.10613800614723,-1,288.8,288.8
2024-01-08,0.002071823204419676,-0.022342586323628844,-0.00605652759084796,-1.0272450549003747,-2.551714820316145,11.00925997927859,-9711537,12.15714285714286,0.8004897214984291,-1,284.6,284.6
2024-01-09,0.010337698139214258,-0.01454293628808856,-0.022342586323628844,-1.3583525113434334,-2.4882427013267447,10.873606474446769,-9880812,11.642857142857148,0.8636470779111449,-1,280.2,280.2
2024-01-10,0.013642564802182733,-0.015460295151089376,-0.01454293628808856,-1.670018233532863,-2.5793744405710584,11.466011370745276,-10072273,11.900000000000006,0.9894165129270474,1,276.8,276.8
2024-01-11,-0.00605652759084796,-0.012134189864382527,-0.015460295151089376,-1.2728866753492225,-2.485285443598178,10.800862089087357,-9866227,12.228571428571431,1.0605435152977558,0,284.0,284.0
2024-01-12,-0.022342586323628844,0.026011560693641522,-0.012134189864382527,-0.8450813554797003,-2.53482445598036,10.981761674851741,-9708526,12.357142857142861,0.884303350574429,0,285.0,285.0
2024-01-15,-0.01454293628808856,0.0035211267605634866,0.026011560693641522,-0.4185504664657458,-2.576163549483277,11.128049068681682,-9545182,12.428571428571432,0.919908946224884,-1,286.0,286.0
2024-01-16,-0.015460295151089376,0.0035087719298245723,0.0035211267605634866,-0.5247651693975275,-2.5856975630207026,11.27370216653838,-9767543,9.285714285714286,1.1816235932546366,-1,279.0,279.0
2024-01-17,-0.012134189864382527,-0.02447552447552448,0.0035087719298245723,-1.0091846232083652,-2.557490920196694,11.060921631957457,-10128685,8.799999999999999,1.6258956918549894,1,271.2,271.2
2024-01-18,0.026011560693641522,-0.027956989247311825,-0.02447552447552448,-1.0137305144685982,-2.581658731543001,11.030919007905567,-9882644,8.599999999999998,1.0691958640313788,-1,274.2,274.2
2024-01-19,0.0035211267605634866,0.01106194690265494,-0.027956989247311825,-1.3148381932731867,-2.6003345565817173,11.166907668604555,-10151619,9.185714285714283,1.0657852714597384,-1,267.8,267.8
2024-01-22,0.0035087719298245723,-0.02334062727935804,0.01106194690265494,-1.9489696367933762,-2.380518638578839,9.882231062207557,-10488167,9.18571428571428,1.1725863670476708,1,258.8,258.8
2024-01-23,-0.02447552447552448,-0.0336071695294996,-0.02334062727935804,-1.5543775303625322,-2.210404870463742,8.891101698398316,-10132059,9.671428571428565,1.1349592749682245,1,268.6,268.6
2024-01-24,-0.027956989247311825,0.0378670788253479,-0.0336071695294996,-0.5321438619511145,-2.0953393398345437,8.114631835441672,-9793423,10.099999999999994,1.0949823709118753,1,278.4,278.4
2024-01-25,0.01106194690265494,0.036485480268056314,0.0378670788253479,0.780054932461689,-2.016307048877349,7.556449119628493,-9451815,10.242857142857142,1.0402984392843548,-1,287.4,287.4
2024-01-26,-0.02334062727935804,0.032327586206896575,0.036485480268056314,1.1185324333051723,-1.8573672099491891,6.874635932368516,-9699973,10.257142857142854,0.7654198677653731,0,279.4,279.4
2024-01-29,-0.0336071695294996,-0.02783576896311757,0.032327586206896575,1.2858945593696687,-1.9078717995341046,7.0772397715809845,-9901563,10.485714285714282,0.6782518000134581,-1,278.6,278.6
2024-01-30,0.0378670788253479,-0.0028632784538294986,-0.02783576896311757,0.8620499583160175,-1.7695828797729618,6.363603296795471,-10116623,10.528571428571423,0.7994486458516101,-1,270.4,270.4
2024-01-31,0.036485480268056314,-0.02943287867911004,-0.0028632784538294986,0.40699060149815747,-1.7512842331316887,6.582305808725112,-10317153,10.328571428571426,0.8307331065350065,0,267.2,267.2
2024-02-01,0.032327586206896575,-0.011834319526627168,-0.02943287867911004,0.223327978059495,-1.7900197856404578,6.6622173479548,-10143858,10.442857142857134,0.8342455901170095,1,268.2,268.2
2024-02-02,-0.02783576896311757,0.0037425149700598404,-0.011834319526627168,0.6528505718068072,-1.749347582486436,6.2446452825437175,-9833320,11.142857142857135,1.4102376629522084,0,276.0,276.0
2024-02-05,-0.0028632784538294986,0.029082774049216997,0.0037425149700598404,0.9576872726723522,-1.7365582793990875,6.254202009191778,-9628754,11.157142857142853,0.9264856805638463,1,276.2,276.2
2024-02-06,-0.02943287867911004,0.0007246376811593791,0.029082774049216997,1.8682047668483106,-1.6450022898812708,5.6194709869377935,-9340185,11.357142857142852,1.2253481534575854,0,287.4,287.4
2024-02-07,-0.011834319526627168,0.040550325850832625,0.0007246376811593791,2.480949294705092,0.20454335950157052,-1.1299620106483528,-9076748,11.37142857142857,1.0618991377816116,-1,288.8,288.8
2024-02-08,0.0037425149700598404,0.004871259568545616,0.040550325850832625,2.4608467817113544,0.2989977711124037,-1.0272018121691497,-9255855,10.828571428571431,0.7186027794517328,0,283.8,283.8
2024-02-09,0.029082774049216997,-0.01731301939058172,0.004871259568545616,2.3586213622406156,0.387716655813834,-0.7994870944116744,-9255855,10.442857142857147,0.33559820538384844,1,283.8,283.8
2024-02-14,0.0007246376811593791,0.0,-0.01731301939058172,2.3835954048882657,0.34919388263704726,-0.8533433388343602,-9140181,9.957142857142859,0.6327151715114625,-1,286.6,286.6
2024-02-15,0.040550325850832625,0.009866102889358741,0.0,2.0093030172151636,0.45570913926004325,-0.8136556343652609,-9265861,9.428571428571432,0.836507063852219,1,282.0,282.0
2024-02-16,0.004871259568545616,-0.01605024424284729,0.009866102889358741,2.101793885521627,0.43014756980510116,-0.9149176277227791,-9093707,9.442857142857141,1.3043234495466225,-1,288.4,288.4
2024-02-19,-0.01731301939058172,0.02269503546099272,-0.01605024424284729,1.6220598228602032,0.45322996821204825,-0.9798709724248795,-9247860,9.328571428571431,1.213837557600058,0,281.4,281.4
2024-02-20,0.0,-0.024271844660194164,0.02269503546099272,1.2135507575826596,0.4084264877956529,-0.9258387236961595,-9405590,9.214285714285714,1.0872067615947811,1,280.8,280.8
2024-02-21,0.009866102889358741,-0.00213219616204674,-0.024271844660194164,1.200184785238122,0.2822845245753182,-1.0159867347293132,-9166118,9.557142857142859,1.4100041333554723,1,285.4,285.4
2024-02-22,-0.01605024424284729,0.01638176638176625,-0.00213219616204674,1.30481672317344,0.18481937791547026,-1.0041412067409747,-9041705,9.200000000000001,0.7336346975311409,0,288.0,288.0
2024-02-23,0.02269503546099272,0.009110021023125414,0.01638176638176625,1.2707320207241266,0.14725808222379777,-0.9651739641397993,-9174003,9.171428571428574,0.8186088760076528,-1,287.4,287.4
2024-02-26,-0.024271844660194164,-0.002083333333333437,0.009110021023125414,0.9571399451234595,0.28192832429071785,-0.8154785436099,-9298127,8.414285714285715,0.7976741466022824,-1,283.8,283.8
2024-02-27,-0.00213219616204674,-0.012526096033402823,-0.002083333333333437,0.5464332260517503,0.3392137218280839,-0.8127339964315036,-9534253,8.37142857142857,1.3785433303013779,-1,281.2,281.2
2024-02-28,0.01638176638176625,-0.009161381254404577,-0.012526096033402823,-0.22394689619246422,0.39796255751912935,-0.8865892322670859,-9793288,8.114285714285712,1.4785170251918958,0,273.6,273.6
2024-02-29,0.009110021023125414,-0.027027027027026862,-0.009161381254404577,-0.6810905424586211,0.34314478284578104,-0.8109003070752888,-9496069,7.84285714285714,1.4169452384720853,0,273.8,273.8
2024-03-01,-0.002083333333333437,0.0007309941520468044,-0.027027027027026862,-0.9163870655326845,0.3108848182295993,-0.6976340277497176,-9216542,7.871428571428571,1.1685608483392151,0,274.0,274.0
2024-03-04,-0.012526096033402823,0.0007304601899196239,0.0007309941520468044,-1.0875555749906844,0.3876723896313329,-0.6225470806045785,-9354863,7.814285714285717,0.5714666988369134,-1,272.8,272.8
2024-03-05,-0.009161381254404577,-0.004379562043795526,0.0007304601899196239,-1.6410383065865943,0.35637258280021056,-0.6447458318661197,-9615414,7.8714285714285745,1.0551588179026818,1,264.8,264.8
2024-03-06,-0.027027027027026862,-0.029325513196480912,-0.004379562043795526,-1.4824190893612808,0.2975430019468272,-0.7571862343879167,-9382521,8.31428571428572,0.9635534968237773,-1,271.2,271.2
2024-03-07,0.0007309941520468044,0.024169184290030232,-0.029325513196480912,-1.520581153004259,0.3825965056977455,-0.5583697538379968,-9554118,7.9571428571428635,0.7923111233007262,0,267.6,267.6
2024-03-08,0.0007304601899196239,-0.01327433628318575,0.024169184290030232,-1.5106897548170086,0.41832184466710726,-0.2726649345794668,-9678280,7.78571428571429,0.6693196079023292,1,266.6,266.6
2024-03-11,-0.004379562043795526,-0.0037369207772794955,-0.01327433628318575,-0.8551051609606475,0.41766818913495624,-0.2732923293992688,-9499611,7.8714285714285745,0.922999115585532,1,275.2,275.2
2024-03-12,-0.029325513196480912,0.032258064516129004,-0.0037369207772794955,0.4025131384484668,0.5070553142859759,-0.20866008736046626,-9134300,7.885714285714288,1.7028720008353284,0,287.4,287.4
2024-03-13,0.024169184290030232,0.04433139534883712,0.032258064516129004,1.1792916315947064,0.4964030328388469,-0.21008771717305036,-9335044,7.942857142857146,0.9646673708268179,0,287.2,287.2
2024-03-14,-0.01327433628318575,-0.0006958942240778976,0.04433139534883712,1.5346999966583084,0.5817233735838488,-0.05095599172199082,-9477318,7.785714285714294,0.703518730962459,-1,285.8,285.8
2024-03-15,-0.0037369207772794955,-0.004874651810584885,-0.0006958942240778976,1.3486020879536034,0.5668669000363724,-0.12052992494108049,-9769148,8.085714285714298,1.2377972019666992,1,280.4,280.4
2024-03-18,0.032258064516129004,-0.01889433170048993,-0.004874651810584885,1.5573017280260346,0.4788961227639076,-0.36409508754643016,-9572815,8.10000000000001,0.8204526231683956,-1,286.4,286.4
2024-03-19,0.04433139534883712,0.021398002853067144,-0.01889433170048993,1.3097322683013557,0.6267800429389981,-0.060925139819549154,-9729169,7.8714285714285825,0.7916377647374524,1,281.6,281.6
2024-03-20,-0.0006958942240778976,-0.016759776536312665,0.021398002853067144,1.3350069404539873,0.5524750016754102,-0.2070617056189368,-9572947,8.07142857142858,0.8283130773382763,1,285.4,285.4
2024-03-21,-0.004874651810584885,0.013494318181818121,-0.016759776536312665,1.437582608313193,0.493152700412448,0.020501508946990703,-9204260,8.228571428571437,1.576358829032363,-1,287.8,287.8
2024-03-22,-0.01889433170048993,0.008409250175192895,0.013494318181818121,1.2736305288225827,0.5642954031201011,0.049165900157669855,-9468582,8.485714285714291,1.157359810424216,0,285.4,285.4
2024-03-25,0.021398002853067144,-0.008339124391938957,0.008409250175192895,1.0887146585132,0.5256827097824907,0.15980863727834552,-9679854,8.171428571428574,0.9131292804555793,1,285.2,285.2
2024-03-26,-0.016759776536312665,-0.0007007708479327412,-0.008339124391938957,1.5998655867985256,0.5027305255560566,-0.22109658623965336,-9339868,8.414285714285711,1.2681417005286877,1,296.0,296.0
2024-03-27,0.013494318181818121,0.03786816269284721,-0.0007007708479327412,1.9935510624939723,0.5090535144280678,-0.20707684550710123,-8952337,8.799999999999999,1.2327633703567509,1,298.6,298.6
2024-03-28,0.008409250175192895,0.00878378378378386,0.03786816269284721,2.237375987840239,0.4370621709421561,-0.13755585981843665,-8652329,8.985714285714286,0.9979515926550061,1,300.4,300.4
2024-04-02,-0.008339124391938957,0.00602813127930335,0.00878378378378386,2.599133675313329,0.44838033507786645,-0.049562904917013324,-8386713,8.985714285714291,0.8827894999577909,0,305.8,305.8
2024-04-03,-0.0007007708479327412,0.01797603195739028,0.00602813127930335,2.6142519305305,0.49121612437224343,0.15491768004128925,-8583682,8.385714285714291,0.6609210058317843,1,305.0,305.0
2024-04-05,0.03786816269284721,-0.002616088947024253,0.01797603195739028,2.5585147654150773,0.44906844603305107,0.14053327246712483,-8447858,8.514285714285718,0.5281084460646931,-1,306.6,306.6
2024-04-08,0.00878378378378386,0.0052459016393442415,-0.002616088947024253,2.05978774147522,0.5754660885775316,0.21406090418314708,-8664423,8.471428571428573,0.9711591756638224,0,302.0,302.0
2024-04-09,0.00602813127930335,-0.015003261578604099,0.0052459016393442415,1.5728868659853337,0.6399169039203021,0.3008638062019642,-8843217,8.199999999999998,0.8995761586205231,1,301.6,301.6
2024-04-10,0.01797603195739028,-0.0013245033112582183,-0.015003261578604099,1.7279871850117345,0.516963908154171,-0.1644619823778735,-8595916,8.271428571428569,1.267621300052386,0,310.8,310.8
2024-04-11,-0.002616088947024253,0.0305039787798409,-0.0013245033112582183,1.7373439917176308,0.46959316098991843,-0.08977594771061728,-8407566,8.371428571428567,0.9740555255607478,-1,311.6,311.6
2024-04-12,0.0052459016393442415,0.002574002574002643,0.0305039787798409,1.2552318150979715,0.45822271327917197,-0.17656520754184848,-8637879,8.47142857142857,1.085027837896663,-1,306.2,306.2
2024-04-15,-0.015003261578604099,-0.017329910141206772,0.002574002574002643,0.5002521235668373,0.5563544529571346,-0.1408390320542979,-8820832,8.21428571428571,0.8900994540293915,-1,301.0,301.0
2024-04-16,-0.0013245033112582183,-0.01698236446766821,-0.017329910141206772,-0.22139260686794948,0.5895063991275525,-0.17726809526831397,-9017748,8.18571428571428,0.9414313757550201,0,298.4,298.4
2024-04-17,0.0305039787798409,-0.008637873754152925,-0.01698236446766821,-0.7817009596199211,0.6088180128006568,-0.17906609236165508,-9161853,8.228571428571428,0.7643716510173058,1,297.4,297.4
2024-04-18,0.002574002574002643,-0.0033512064343163006,-0.008637873754152925,-0.9161715985582841,0.5167647058851406,-0.2707124024443962,-8971264,7.9142857142857155,1.0085397448977431,0,301.0,301.0
2024-04-19,-0.017329910141206772,0.012104909213181081,-0.0033512064343163006,-1.0426322828689703,0.7016560445081687,-0.20994721893732227,-9165990,7.485714285714287,1.0707596814654088,1,300.4,300.4
2024-04-22,-0.01698236446766821,-0.0019933554817276322,0.012104909213181081,-0.05740301722049068,0.972293403713386,0.429738403335795,-8754657,8.242857142857146,1.8077885571286552,1,317.0,317.0
2024-04-23,-0.008637873754152925,0.05525965379494013,-0.0019933554817276322,1.2795342054561534,0.810708119545043,-0.07126545431337729,-8316440,8.571428571428571,1.588928693155036,1,329.0,329.0
2024-04-24,-0.0033512064343163006,0.03785488958990535,0.05525965379494013,2.7511508534448987,0.646147385562392,-0.4771437446309268,-7901713,9.071428571428571,1.257059321335215,-1,340.8,340.8
2024-04-25,0.012104909213181081,0.03586626139817639,0.03785488958990535,3.1643937309577037,0.7916986359445792,-0.19454052243981018,-8178989,9.271428571428572,0.798477664015979,1,336.0,336.0
2024-04-26,-0.0019933554817276322,-0.014084507042253502,0.03586626139817639,3.766077026032626,0.774582602506056,-0.02644776195833517,-7882994,9.685714285714283,0.8054075322114035,0,345.0,345.0
2024-04-29,0.05525965379494013,0.02678571428571419,-0.014084507042253502,3.8203331348210163,0.7793604302718204,-0.030907272087944644,-8137159,9.957142857142856,0.7562723907687546,0,344.2,344.2
2024-04-30,0.03785488958990535,-0.002318840579710213,0.02678571428571419,3.5454480473342436,0.7712100264016227,-0.015185735541822228,-8296729,9.71428571428571,0.5691882833606686,1,343.8,343.8
2024-05-02,0.03586626139817639,-0.0011621150493897892,-0.002318840579710213,3.938512999708811,0.6695507730987926,-0.36360909562647364,-8071933,10.299999999999999,0.9275277644367644,1,357.0,357.0
2024-05-03,-0.014084507042253502,0.038394415357766,-0.0011621150493897892,4.133531807485239,0.7299874158874403,-0.22412587847388712,-7836010,10.557142857142853,1.0078311827341473,1,361.0,361.0
2024-05-06,0.02678571428571419,0.011204481792717047,0.038394415357766,4.299646560217045,0.6912706183778752,-0.196915438719196,-7573927,10.857142857142852,1.1529892999523992,-1,366.8,366.8
2024-05-07,-0.002318840579710213,0.016066481994459814,0.011204481792717047,3.7781968662017125,0.7464182159703815,-0.22933415343379512,-7768008,10.814285714285713,0.9014838548454972,-1,362.4,362.4
2024-05-08,-0.0011621150493897892,-0.01199563794983649,0.016066481994459814,2.844519077008453,0.7779629733156829,-0.2829455526750669,-7968589,11.228571428571424,0.8974830509081277,1,358.0,358.0
2024-05-09,0.038394415357766,-0.012141280353200834,-0.01199563794983649,2.511792498984377,0.646322271842493,-0.4488926190375025,-7808329,11.185714285714283,0.7610206965718453,0,366.4,366.4
2024-05-10,0.011204481792717047,0.02346368715083802,-0.012141280353200834,2.107960512110399,0.6328129850456484,-0.44033510071356985,-7651399,11.428571428571425,0.8056492476397296,1,367.6,367.6
2024-05-13,0.016066481994459814,0.0032751091703058233,0.02346368715083802,2.058832087065028,0.676447030619362,-0.15322273742130604,-7445818,10.942857142857138,1.1204142427839416,1,374.8,374.8
2024-05-14,-0.01199563794983649,0.019586507072905324,0.0032751091703058233,2.0001642915166578,0.6716152120036687,-0.15884804153482893,-7229787,10.471428571428564,1.1498558096112022,1,378.4,378.4
2024-05-16,-0.012141280353200834,0.009605122732123661,0.019586507072905324,2.67431898740481,0.5587848094552352,-0.5659781251143744,-6645479,10.942857142857138,2.20808549553703,0,393.6,393.6
2024-05-17,0.02346368715083802,0.04016913319238924,0.009605122732123661,2.8856732460330754,0.6369928509714565,-0.4750018768009445,-6366315,10.699999999999992,0.9679656369494333,0,395.0,395.0
2024-05-20,0.0032751091703058233,0.0035569105691055647,0.04016913319238924,2.6999518546534382,0.631139679996566,-0.4639801309085098,-6366315,10.314285714285708,0.7402526113693679,-1,395.0,395.0
2024-05-21,0.019586507072905324,0.0,0.0035569105691055647,1.5414118567664588,0.48682202281484266,-0.49924983815460033,-6673113,10.728571428571424,0.9530131627258839,0,383.6,383.6
2024-05-22,0.009605122732123661,-0.02886075949367084,0.0,0.6089228931931849,0.47746064952860323,-0.394049058278067,-6449365,10.97142857142857,0.6917168829273782,-1,384.4,384.4
2024-05-23,0.04016913319238924,0.002085505735140547,-0.02886075949367084,-0.3513669644991957,0.48730856727533994,-0.42847669110729386,-6632605,10.414285714285711,0.7532866879886867,-1,381.8,381.8
2024-05-24,0.0035569105691055647,-0.006763787721123737,0.002085505735140547,-1.4183399269011545,0.6348658323714963,-0.21034981584219387,-6824038,10.099999999999998,0.8481452568320634,0,377.0,377.0
2024-05-27,0.0,-0.012572027239392436,-0.006763787721123737,-2.1611627713156167,0.6411977693126734,-0.21048533291618166,-6502717,10.471428571428573,1.3098675950233991,1,377.4,377.4
2024-05-28,-0.02886075949367084,0.001061007957559701,-0.012572027239392436,-2.5037864803696266,0.6224924758446031,-0.09934490295113176,-6336569,10.814285714285717,0.7650314488576191,-1,380.2,380.2
2024-05-29,0.002085505735140547,0.007419183889772141,0.001061007957559701,-3.337717553497079,0.5531331535614767,-0.1227640295135032,-6610351,10.714285714285714,1.205107031808466,-1,371.0,371.0
2024-05-30,-0.006763787721123737,-0.024197790636507066,0.007419183889772141,-4.0325976702365836,0.5532001858029195,-0.11787269941224363,-6830416,10.628571428571425,0.9382442449322064,-1,368.0,368.0
2024-05-31,-0.012572027239392436,-0.008086253369272267,-0.024197790636507066,-4.926557323473141,0.5023734565944257,-0.2576808072125683,-7230775,11.34285714285714,1.448817558398321,1,359.8,359.8
2024-06-03,0.001061007957559701,-0.02228260869565213,-0.008086253369272267,-4.393871377139959,0.45033463717206684,-0.5825659355415815,-6949521,11.857142857142852,1.0481973870161776,1,375.0,375.0
2024-06-04,0.007419183889772141,0.042245692051139594,-0.02228260869565213,-3.801767460452016,0.4167049474660953,-0.5726810227809945,-6769090,11.799999999999999,0.6653595311127517,1,377.4,377.4
2024-06-05,-0.024197790636507066,0.006399999999999961,0.042245692051139594,-3.13097791590266,0.2960005632052143,-0.6584124439101591,-6567036,11.171428571428569,0.7867147706327,0,380.8,380.8
2024-06-06,-0.008086253369272267,0.009009009009009139,0.006399999999999961,-2.6048234344800445,0.3719906067493664,-0.35545817856792017,-6378147,11.557142857142859,0.7537548274642913,-1,381.6,381.6
2024-06-07,-0.02228260869565213,0.0021008403361344463,0.009009009009009139,-2.67598262142913,0.472321917310217,-0.12107665925140505,-6630620,11.900000000000002,1.1423073547123745,0,374.8,374.8
2024-06-11,0.042245692051139594,-0.017819706498951815,0.0021008403361344463,-2.741554605827618,0.45638797957547894,-0.018622862435353618,-6895588,11.542857142857148,1.2167723626144018,-1,373.8,373.8
2024-06-12,0.006399999999999961,-0.0026680896478121774,-0.017819706498951815,-2.9215740182639838,0.6079775991670372,0.3421138170548356,-7045189,11.400000000000006,0.7070090785786188,1,370.8,370.8
2024-06-13,0.009009009009009139,-0.008025682182985605,-0.0026680896478121774,-2.3914191223382684,0.4749115530072808,-0.013937536218976213,-6891819,11.528571428571436,0.7597832559365343,0,379.8,379.8
2024-06-14,0.0021008403361344463,0.024271844660194164,-0.008025682182985605,-2.0128407704225015,0.46911090022521124,-0.012158023248790539,-6891819,11.328571428571435,1.0135665035641226,0,379.8,379.8
2024-06-17,-0.017819706498951815,0.0,0.024271844660194164,-1.6551809619286493,0.4760392826293869,0.4197038431765055,-6739008,11.02857142857143,0.8221453220178125,-1,381.2,381.2
2024-06-18,-0.0026680896478121774,0.0036861506055818616,0.0,-1.6829880345162227,0.5859336092826375,0.46203932165289185,-6881797,10.614285714285716,0.8845104588410783,1,377.0,377.0
2024-06-19,-0.008025682182985605,-0.011017838405036673,0.0036861506055818616,-0.9132585637267958,0.5882224555249068,0.15736623124474644,-6658662,10.857142857142861,1.2668076911722292,0,389.0,389.0
2024-06-20,0.024271844660194164,0.03183023872679036,-0.011017838405036673,-0.537074323332261,0.5716139817645696,0.2296595077746518,-6799152,10.714285714285719,0.8094439156597351,-1,387.6,387.6
2024-06-21,0.0,-0.0035989717223650075,0.03183023872679036,-0.7323774939105974,0.5620065191572219,0.17949562708708297,-7057702,10.028571428571436,1.4085696385279616,0,381.4,381.4
2024-06-24,0.0036861506055818616,-0.015995872033023883,-0.0035989717223650075,-0.9421186989055688,0.6991425994419975,0.6014588052985291,-7186898,9.185714285714292,0.7224434105752885,0,380.4,380.4
2024-06-25,-0.011017838405036673,-0.002621919244887305,-0.015995872033023883,-0.9818411986032931,0.6929399764782396,0.5917610220465561,-7059003,9.228571428571431,0.7272827562990039,0,382.0,382.0
2024-06-26,0.03183023872679036,0.004206098843322792,-0.002621919244887305,-1.0127873959684415,0.8145091448092628,0.9987085751581292,-7059003,8.914285714285715,0.7668967741935484,-1,382.0,382.0
2024-06-27,-0.0035989717223650075,0.0,0.004206098843322792,-1.5193164239277595,0.8843478638379626,0.9748479587993611,-7234141,8.757142857142858,1.0815687805070846,-1,374.4,374.4
2024-06-28,-0.015995872033023883,-0.019895287958115238,0.0,-1.9365367210526054,0.8793631367666395,1.657942958254989,-7389752,8.285714285714286,1.1009552729624217,-1,372.4,372.4
2024-07-02,-0.002621919244887305,-0.005341880341880323,-0.019895287958115238,-2.3480760961617655,0.9561381017386265,1.748434524153327,-7662418,8.328571428571426,1.6035799519865817,1,369.2,369.2
2024-07-03,0.004206098843322792,-0.008592910848549962,-0.005341880341880323,-1.8739727697826227,0.843295273355965,0.9127988461188534,-7439848,8.742857142857142,1.1778010147599525,1,379.4,379.4
2024-07-04,0.0,0.027627302275189614,-0.008592910848549962,-1.324835052127467,0.9363116573238105,1.0356653532956404,-7285477,8.628571428571425,0.7873211364035105,-1,382.4,382.4
2024-07-05,-0.019895287958115238,0.007907221929362107,0.027627302275189614,-1.11181328855332,0.9862114953236508,1.0717817314014426,-7390698,8.757142857142854,0.5778585934917112,0,379.8,379.8
2024-07-08,-0.005341880341880323,-0.0067991631799162455,0.007907221929362107,-1.0287506694713096,0.9710439167829079,1.0785149366844557,-7506930,8.514285714285709,0.6671871053658761,1,378.6,378.6
2024-07-09,-0.008592910848549962,-0.003159557661927326,-0.0067991631799162455,-0.7994098835625114,0.8878652258336353,1.0425153273082877,-7376686,8.471428571428564,0.8937497083599812,-1,381.0,381.0
2024-07-10,0.027627302275189614,0.006339144215530945,-0.003159557661927326,-0.8587276328445403,0.9325156657500365,1.0316613767253806,-7532552,8.114285714285709,1.177353029153964,1,377.6,377.6
2024-07-11,0.007907221929362107,-0.008923884514435598,0.006339144215530945,-0.41743697485854314,0.856025950134464,0.6634954579155796,-7366651,8.257142857142851,1.2316990960170107,1,384.8,384.8
2024-07-12,-0.0067991631799162455,0.019067796610169552,-0.008923884514435598,0.6345318913095208,0.8373060911158834,0.21020166164778198,-7091437,8.457142857142847,1.6314643188686562,-1,397.0,397.0
2024-07-15,-0.003159557661927326,0.03170478170478175,0.019067796610169552,0.800134242234082,0.8016114906255372,0.11376202115779564,-7228239,8.52857142857142,0.7916535015688168,-1,390.2,390.2
2024-07-16,0.006339144215530945,-0.017128463476070555,0.03170478170478175,0.05505903189254191,0.615030064328586,0.19911970341725826,-7418850,8.957142857142847,1.031005177445981,-1,378.0,378.0
2024-07-17,-0.008923884514435598,-0.03126601742696056,-0.017128463476070555,-0.838972665154778,0.5019954021879386,0.0687667604048797,-7677428,9.214285714285706,1.2587697861759155,-1,371.8,371.8
2024-07-18,0.019067796610169552,-0.016402116402116418,-0.03126601742696056,-1.5478450052719102,0.5890008864088357,0.14339713394373835,-7866875,8.857142857142849,0.9015687401727689,-1,369.2,369.2
2024-07-19,0.03170478170478175,-0.006993006993007089,-0.016402116402116418,-2.2659008622351626,0.706539598743727,0.23345298078461757,-8097760,8.92857142857142,1.1471714350163913,1,364.0,364.0
2024-07-22,-0.017128463476070555,-0.014084507042253502,-0.006993006993007089,-2.0279322897062055,0.6238879421990992,-0.2184924434578256,-7928151,8.985714285714279,0.8161105925148923,-1,373.2,373.2
2024-07-23,-0.03126601742696056,0.025274725274725185,-0.014084507042253502,-2.2324449177882384,0.6185885318296804,-0.22736832300734444,-8049196,8.728571428571419,0.6242238779492638,-1,366.2,366.2
2024-07-24,-0.016402116402116418,-0.0187566988210075,0.025274725274725185,-2.4432164514072916,0.6450009384056063,-0.2343870782139155,-8167198,8.785714285714278,0.7117232095036358,-1,363.2,363.2
2024-07-25,-0.006993006993007089,-0.008192244675040983,-0.0187566988210075,-3.2156523435404294,0.46290645812489495,-0.29577747111712505,-8425071,9.171428571428562,1.4367560568477873,1,351.2,351.2
2024-07-26,-0.014084507042253502,-0.033039647577092546,-0.008192244675040983,-3.322278596308822,0.4821661114811522,-0.035837487109399754,-8292398,9.142857142857135,0.8300342091236008,1,354.4,354.4
2024-07-29,0.025274725274725185,0.009111617312072884,-0.033039647577092546,-2.96013599839862,0.416974866522888,-0.18885917874938477,-8163676,9.285714285714278,0.8487370024330259,-1,358.2,358.2
2024-07-30,-0.0187566988210075,0.010722347629796847,0.009111617312072884,-2.852483907193556,0.5035422659963508,-0.17608359761762554,-8261172,9.05714285714285,0.6634493158366064,1,353.6,353.6
2024-07-31,-0.008192244675040983,-0.012841987716359471,0.010722347629796847,-2.061090285582745,0.37179807975486867,-0.5068411086317779,-8058129,9.58571428571428,1.2383585404857484,1,362.2,362.2
2024-08-01,-0.033039647577092546,0.024321266968325705,-0.012841987716359471,-1.2097810905243094,0.3085246413284193,-0.3635601271591721,-7934006,9.157142857142857,0.9046114244151725,-1,365.6,365.6
2024-08-02,0.009111617312072884,0.009387078961899498,0.024321266968325705,-1.0520184429251058,0.34954207313680824,-0.48720290474419453,-8111082,9.228571428571431,1.212085535142239,0,358.2,358.2
2024-08-05,0.010722347629796847,-0.02024070021881852,0.009387078961899498,-0.9646873007461316,0.30694536461852256,-0.4120243468910838,-8340717,9.428571428571432,1.3810588027275361,-1,356.6,356.6
2024-08-06,-0.012841987716359471,-0.004466778336124966,-0.02024070021881852,-0.9621711852564854,0.328155228172703,-0.41295457062439156,-8517461,9.742857142857146,0.9704586210948353,1,354.4,354.4
2024-08-07,0.024321266968325705,-0.006169377453729807,-0.004466778336124966,-0.2959965667710698,0.3032178117105433,-0.6656413635601209,-8359058,10.185714285714287,0.9145870405932693,1,363.4,363.4
2024-08-08,0.009387078961899498,0.025395033860045046,-0.006169377453729807,0.4838648179034841,0.23413134444844602,-0.797798649638669,-8170943,10.814285714285717,1.011400330977351,0,368.2,368.2
2024-08-09,-0.02024070021881852,0.01320858558062743,0.025395033860045046,1.1015454254534038,0.14336340603467437,-0.703088497906823,-8007404,10.52857142857143,0.8922554330035048,1,370.0,370.0
2024-08-12,-0.004466778336124966,0.004888647474198926,0.01320858558062743,1.7869003051210557,0.04321133045412566,-0.7927286377600813,-7905251,10.257142857142863,0.6473951586531027,1,375.0,375.0
2024-08-13,-0.006169377453729807,0.013513513513513598,0.004888647474198926,2.38532723560326,-0.05767582629416725,-0.7883240046087255,-7769347,10.014285714285721,0.9083107654715726,-1,378.6,378.6
2024-08-14,0.025395033860045046,0.009600000000000053,0.013513513513513598,2.3563938637203625,0.028715222971024596,-0.6999128659703522,-7956274,9.857142857142865,1.203437122571906,-1,373.8,373.8
2024-08-15,0.01320858558062743,-0.01267828843106189,0.009600000000000053,1.8920986469124663,0.1435965641187183,-0.7382810426471578,-8170712,10.10000000000001,1.3352952384985073,1,368.4,368.4
2024-08-16,0.004888647474198926,-0.014446227929374111,-0.01267828843106189,1.7876032796437762,0.04278545582584429,-0.8111241122827267,-8006569,10.000000000000012,1.0213423929613659,0,372.6,372.6
2024-08-19,0.013513513513513598,0.011400651465798273,-0.014446227929374111,1.6419928099039913,0.023260839183394652,-0.8078323796723953,-8006569,10.042857142857157,0.8910340076436942,-1,372.6,372.6
2024-08-20,0.009600000000000053,0.0,0.011400651465798273,1.3341040377472568,0.09639190200440141,-0.7902326281249135,-8125095,9.25714285714287,0.7087722571447707,0,370.4,370.4
2024-08-21,-0.01267828843106189,-0.005904455179817636,0.0,1.15458177170373,0.025526544743519862,-0.7662350524208695,-8008624,9.414285714285727,0.7605723017448542,1,371.6,371.6
2024-08-22,-0.014446227929374111,0.003239740820734527,-0.005904455179817636,1.3813847923348233,0.02298989874318255,-0.7417247509509619,-7840755,9.214285714285726,1.1671981098884594,-1,377.8,377.8
2024-08-23,0.011400651465798273,0.01668460710441333,0.003239740820734527,1.311758410273304,-0.02599677374136853,-0.7079744168165891,-7971311,8.485714285714298,0.9522350785676359,1,375.6,375.6
2024-08-26,0.0,-0.0058231868713605195,0.01668460710441333,1.6058278974692408,-0.1621979956485559,-0.7019824022874348,-7808800,8.142857142857155,1.1675764764711545,0,382.0,382.0
2024-08-27,-0.005904455179817636,0.017039403620873195,-0.0058231868713605195,1.687582713309724,-0.09901488732777923,-0.6119769694157075,-7945555,7.742857142857157,0.9574508304838398,-1,381.8,381.8
2024-08-28,0.003239740820734527,-0.0005235602094240122,0.017039403620873195,1.1558800292063558,-0.110673943926407,-0.647901095030617,-8091580,7.428571428571445,0.9817255511512458,1,374.2,374.2
2024-08-29,0.01668460710441333,-0.019905709795704607,-0.0005235602094240122,0.9669066196798763,-0.21321645638032088,-0.631845740433003,-7962676,7.514285714285729,0.9145357722089078,1,377.6,377.6
2024-08-30,-0.0058231868713605195,0.009086050240513233,-0.019905709795704607,1.0642694661261323,-0.35357129644607693,-0.48477959678169497,-7653943,7.671428571428586,1.7483475436275664,-1,382.0,382.0
2024-09-02,0.017039403620873195,0.01165254237288127,0.009086050240513233,0.784740815041105,-0.3094425023376099,-0.5043675995983599,-7792730,7.757142857142871,0.8076487074082523,0,377.8,377.8
2024-09-03,-0.0005235602094240122,-0.010994764397905699,0.01165254237288127,0.5754098992011567,-0.39645569426686683,-0.19013190494745136,-7694581,7.514285714285726,0.5980333854091772,-1,378.2,378.2
2024-09-04,-0.019905709795704607,0.001058761249338236,-0.010994764397905699,0.049597110671875555,-0.37258562152545655,-0.32460574123806196,-7827370,7.257142857142867,0.8223634503481709,0,372.8,372.8
2024-09-05,0.009086050240513233,-0.014278159703860371,0.001058761249338236,-0.2642234680889888,-0.09257762287731207,-0.8411469135195565,-7731607,7.214285714285727,0.6184474458843147,-1,373.4,373.4
2024-09-09,0.01165254237288127,0.0016094420600858417,-0.014278159703860371,-0.6068076833947229,0.019603962993057642,-0.8548199213447386,-7932389,7.342857142857151,1.5067615231062481,-1,371.2,371.2
2024-09-10,-0.010994764397905699,-0.005891805034815234,0.0016094420600858417,-0.9736055862547368,0.1450507838046368,-0.8215216113892628,-8055423,7.371428571428579,0.9456632186399434,0,368.6,368.6
2024-09-11,0.001058761249338236,-0.0070043103448275135,-0.005891805034815234,-1.0660987750985005,0.05859986668489056,-0.6941809047344155,-7934987,7.157142857142865,0.8950303505924461,1,370.2,370.2
2024-09-12,-0.014278159703860371,0.0043407487791642385,-0.0070043103448275135,-0.9283304517532012,-0.04150861228139788,-0.6239594328100713,-7796983,7.214285714285718,1.0177000939501697,1,372.6,372.6
2024-09-13,0.0016094420600858417,0.006482982171799101,0.0043407487791642385,-0.6641083965176251,-0.02125828713157873,-0.569833267027763,-7686845,7.15714285714286,0.7953419584802873,1,374.8,374.8
2024-09-16,-0.005891805034815234,0.005904455179817525,0.006482982171799101,-0.2819107802657915,-0.021180685163391326,-0.4927836193369932,-7609953,7.028571428571435,0.6762661300536144,1,377.8,377.8
2024-09-17,-0.0070043103448275135,0.008004268943436532,0.005904455179817525,0.10378460210780371,-0.11436295949698178,-0.4415385033111626,-7508474,7.314285714285717,0.9276824713090251,1,380.0,380.0
2024-09-19,0.0043407487791642385,0.0058231868713605195,0.008004268943436532,0.8924135623430707,-0.12773177838688604,-0.4672099973744818,-7250454,7.5,1.8846425227125645,0,388.8,388.8
2024-09-20,0.006482982171799101,0.023157894736842044,0.0058231868713605195,1.3158592844341153,-0.24366408246133853,-0.48181346054257806,-7534525,7.54285714285714,1.7100349145196243,0,388.6,388.6
2024-09-23,0.005904455179817525,-0.0005144032921809982,0.023157894736842044,1.4341642626341158,-0.13965733728902632,-0.3900610641622065,-7686755,7.399999999999998,0.8721862925293231,1,387.6,387.6
2024-09-24,0.008004268943436532,-0.00257334019557387,-0.0005144032921809982,2.3472979967741163,0.5552728771254648,1.0006060065752258,-7257565,7.957142857142851,1.7518102188589295,1,402.2,402.2
2024-09-25,0.0058231868713605195,0.037667698658410576,-0.00257334019557387,2.977875683054446,0.5994318960380618,1.1988033920399954,-6856444,8.671428571428569,1.3154682572581449,1,405.4,405.4
2024-09-26,0.023157894736842044,0.007956240676280535,0.037667698658410576,4.757207612915508,1.6464839678811296,4.427079578470756,-6353895,9.928571428571429,1.4203031832603137,1,430.0,430.0
2024-09-27,-0.0005144032921809982,0.060680809077454434,0.007956240676280535,6.080301537044431,1.5528542907994662,4.187668043783415,-5782347,10.542857142857141,1.3895201780770365,1,437.8,437.8
2024-09-30,-0.00257334019557387,0.018139534883720998,0.060680809077454434,6.970399647228313,1.5403221834084466,4.301744105309564,-5027752,11.614285714285712,1.4189434912258467,1,444.6,444.6
2024-10-02,0.037667698658410576,0.015532206486980282,0.018139534883720998,8.713565552246799,1.5184899243969616,2.8079744914578577,-4540083,13.742857142857142,0.8972810123489318,-1,470.0,470.0
2024-10-03,0.007956240676280535,0.057130004498425535,0.015532206486980282,9.016702425269482,1.4994605205614564,2.6914539369719317,-4856091,15.014285714285714,0.6002349974490658,1,466.2,466.2
2024-10-04,0.060680809077454434,-0.008085106382978768,0.057130004498425535,9.35084366455165,1.349825066320844,2.261681982704667,-4609454,15.685714285714287,0.5189174472755029,0,477.6,477.6
2024-10-07,0.018139534883720998,0.024453024453024552,-0.008085106382978768,8.989121903385573,1.353865745771178,2.2577407157104745,-4356110,16.3,0.6154345457045368,-1,478.4,478.4
2024-10-08,0.015532206486980282,0.0016750418760467234,0.024453024453024552,5.598723568954888,-0.8899028587427277,5.638750933912302,-5060790,18.614285714285707,1.7543859649122808,-1,438.6,438.6
2024-10-09,0.057130004498425535,-0.08319397993311028,0.0016750418760467234,2.734124392302423,-0.8688948100477538,5.510086824669633,-5524519,20.01428571428571,1.1684374807876243,1,434.2,434.2
2024-10-10,-0.008085106382978768,-0.010031919744642126,-0.08319397993311028,0.9173803155011697,-0.8530129510921778,5.586073797124436,-5193407,20.099999999999998,0.8279861685559704,-1,438.8,438.8
2024-10-14,0.024453024453024552,0.010594196222938779,-0.010031919744642126,-0.6216933660636386,-0.8239439795782549,5.461262194107224,-5496575,20.614285714285717,0.7372644310670111,-1,436.0,436.0
2024-10-15,0.0016750418760467234,-0.006381039197812188,0.010594196222938779,-2.9384770265866216,-0.8263824224701154,4.3451008099797725,-5831359,21.8,0.7831303600092259,0,417.0,417.0
2024-10-16,-0.08319397993311028,-0.04357798165137616,-0.006381039197812188,-4.478612807895761,-0.7771183126956906,4.276793773373691,-6056262,21.7,0.678360205972627,-1,415.8,415.8
2024-10-17,-0.010031919744642126,-0.0028776978417266452,-0.04357798165137616,-5.5686519451892575,-0.6987888167982266,4.156659539224291,-6221031,21.714285714285715,0.6063319143674709,1,412.6,412.6
2024-10-18,0.010594196222938779,-0.007696007696007645,-0.0028776978417266452,-4.941047483150054,-0.712740066842588,3.6095925313315362,-5961392,21.685714285714287,1.0084924370544326,-1,430.8,430.8
2024-10-21,-0.006381039197812188,0.04411051866214244,-0.007696007696007645,-5.045390292512012,-0.621688019988305,3.1108918055029324,-6124733,21.5,0.7117651877751787,0,421.0,421.0
2024-10-22,-0.04357798165137616,-0.022748375116063202,0.04411051866214244,-4.927830480170215,-0.6869886432363482,3.3622656416664323,-6014456,20.242857142857144,0.5974294880754641,1,421.6,421.6
2024-10-23,-0.0028776978417266452,0.0014251781472685021,-0.022748375116063202,-4.283211577766146,-0.7342873010055849,3.3508796494934323,-5867886,18.857142857142858,0.867692956158921,-1,428.2,428.2
2024-10-24,-0.007696007696007645,0.01565464895635671,0.0014251781472685021,-4.149138027864348,-0.6986523609183714,3.1697137659057297,-5979914,17.799999999999994,0.7073769818969382,0,422.0,422.0
2024-10-25,0.04411051866214244,-0.014479215319943894,0.01565464895635671,-4.00078419433407,-0.7187568038836589,3.2391536174893294,-6099433,17.242857142857137,0.916929426837595,-1,421.0,421.0
2024-10-28,-0.022748375116063202,-0.0023696682464454666,-0.014479215319943894,-4.020827571012475,-0.662328768171255,3.080234092088633,-6254952,16.94285714285714,1.2076087918709515,0,417.2,417.2
2024-10-29,0.0014251781472685021,-0.009026128266033329,-0.0023696682464454666,-3.8171157512755487,-0.6484314989533769,3.0686771620437314,-6116974,14.685714285714283,1.0272120593078764,-1,418.4,418.4
2024-10-30,0.01565464895635671,0.0028763183125599667,-0.009026128266033329,-4.023969349404034,-0.5557932710027126,2.747068368366055,-6295929,13.171428571428565,1.2709890212912236,-1,411.0,411.0
2024-10-31,-0.014479215319943894,-0.017686424474187334,0.0028763183125599667,-4.4043246861230445,-0.46551819909850356,2.5187651648705365,-6523466,13.157142857142848,1.3882536839176676,1,404.6,404.6
2024-11-01,-0.0023696682464454666,-0.015571776155717698,-0.017686424474187334,-3.5232794090113067,-0.48898665272159764,2.149810298639385,-6312600,13.228571428571415,1.1575168385747456,0,419.2,419.2
2024-11-04,-0.009026128266033329,0.036085022244191745,-0.015571776155717698,-2.834269671867922,-0.4238550586071424,2.260648108284061,-6429661,12.114285714285703,0.6709158788945858,1,419.0,419.0
2024-11-05,0.0028763183125599667,-0.0004770992366411875,0.036085022244191745,-1.7209242715307198,-0.4869777888068108,2.1777853087738026,-6276952,12.071428571428564,0.8606931581462878,-1,427.8,427.8
2024-11-06,-0.017686424474187334,0.021002386634844994,-0.0004770992366411875,-1.468191321467998,-0.4302551012466969,1.9498163056722486,-6484504,11.914285714285707,1.1332659914275574,1,419.8,419.8
2024-11-07,-0.015571776155717698,-0.01870032725572701,0.021002386634844994,-0.7054027368878453,-0.44924329511293587,2.2351686283263676,-6285264,11.271428571428563,1.122569943702475,-1,428.4,428.4
2024-11-08,0.036085022244191745,0.02048594568842299,-0.01870032725572701,-0.6951461983843823,-0.35604109213297697,2.0227593857326216,-6479162,11.58571428571428,1.113767433311123,-1,420.8,420.8
2024-11-11,-0.0004770992366411875,-0.017740429505135324,0.02048594568842299,-1.1555154532900165,-0.5512393144955302,2.5474357088485693,-6707738,11.999999999999996,1.1638585503704268,-1,413.2,413.2
2024-11-12,0.021002386634844994,-0.018060836501901156,-0.017740429505135324,-1.9989686623185507,-0.41804402000052315,2.406901884809286,-6980771,11.657142857142857,1.2384706871728997,0,403.8,403.8
2024-11-13,-0.01870032725572701,-0.022749273959341676,-0.018060836501901156,-2.4338741674469624,-0.37645675445229726,2.546915010750712,-6980771,11.842857142857143,1.2016786959626224,0,403.8,403.8
2024-11-14,0.02048594568842299,0.0,-0.022749273959341676,-2.6098911954063198,-0.8441931825410259,3.424652287489191,-7329760,12.428571428571429,1.3143921817940778,-1,403.4,403.4
2024-11-15,-0.017740429505135324,-0.00099058940069352,0.0,-2.7361016955936632,-0.8544815876423311,3.4442895226409194,-7620373,12.385714285714288,1.0202080625830683,1,401.0,401.0
2024-11-18,-0.018060836501901156,-0.005949429846306309,-0.00099058940069352,-2.460863219513876,-0.9035966094425218,3.859722532500799,-7415438,12.685714285714287,0.7315752347851913,0,404.2,404.2
2024-11-19,-0.022749273959341676,0.007980049875311757,-0.005949429846306309,-2.019405149717506,-0.9116961530643444,3.829304823572666,-7276645,12.528571428571436,0.5479816045773775,1,406.2,406.2
2024-11-20,0.0,0.004948045522018774,0.007980049875311757,-1.3263772615360319,0.4719425458968062,0.93733781403287,-7126594,12.057142857142866,0.6619618645451089,-1,410.8,410.8
2024-11-21,-0.00099058940069352,0.011324470704086709,0.004948045522018774,-1.0067546476810953,0.4630016422188532,0.9551073082189897,-7251611,11.10000000000001,0.6873529951869841,-1,407.6,407.6
2024-11-22,-0.005949429846306309,-0.007789678675754641,0.011324470704086709,-1.1781428963007925,0.589346968729713,1.0412690108423974,-7421106,11.457142857142864,1.0750788731572476,-1,400.6,400.6
2024-11-25,0.007980049875311757,-0.01717369970559368,-0.007789678675754641,-1.5435092977774114,0.6150293000124478,0.9928716097222643,-7699989,11.171428571428574,1.6172024229940887,0,395.2,395.2
2024-11-26,0.004948045522018774,-0.013479780329505808,-0.01717369970559368,-1.7525157117986105,1.0936708478750796,1.0727443240664656,-7869395,10.62857142857143,0.9486790643914109,1,393.8,393.8
2024-11-27,0.011324470704086709,-0.003542510121457454,-0.013479780329505808,-1.1848642117809631,0.9321679259755532,0.44078495814958674,-7702539,10.557142857142853,0.9171368988530842,-1,402.8,402.8
2024-11-28,-0.007789678675754641,0.022854240731335684,-0.003542510121457454,-0.9105236950748354,0.9297543285557667,0.4426457048282842,-7833215,9.857142857142852,0.7138299778437173,-1,400.0,400.0
2024-11-29,-0.01717369970559368,-0.006951340615690249,0.022854240731335684,-0.7812768048071392,0.7612355125908509,0.09477244483488323,-7989485,9.599999999999994,0.8661543015061672,0,398.0,398.0
2024-12-02,-0.013479780329505808,-0.0050000000000000044,-0.006951340615690249,-0.5054593138372221,0.7364510215101986,0.14146228346242354,-7856141,9.257142857142851,0.8812613012720871,1,399.8,399.8
2024-12-03,-0.003542510121457454,0.004522613065326642,-0.0050000000000000044,0.027608484174595382,0.6610253528306578,-0.07956514992692985,-7672515,9.171428571428565,1.1911823470494518,0,404.4,404.4
2024-12-04,0.022854240731335684,0.01150575287643818,0.004522613065326642,0.3237661205865976,0.7889717134542826,0.31110466039172685,-7813047,8.357142857142852,0.9438671337689133,0,403.2,403.2
2024-12-05,-0.006951340615690249,-0.0029673590504450953,0.01150575287643818,0.6593865804789063,0.6971786215899979,0.2816833640965093,-7679899,8.199999999999998,0.8913136614362984,1,405.2,405.2
2024-12-06,-0.0050000000000000044,0.004960317460317443,-0.0029673590504450953,1.3452603037309112,0.5730555699882033,-0.13706895375581413,-7402785,8.0,1.5967129311656165,1,412.6,412.6
2024-12-09,0.004522613065326642,0.018262586377097767,0.004960317460317443,2.135064036066468,0.4285032424453126,-0.3687745590906045,-7178166,8.671428571428569,1.1710629077649606,-1,418.8,418.8
2024-12-10,0.01150575287643818,0.015026660203586895,0.018262586377097767,2.063056264397938,0.4812576183462313,-0.46547086073821037,-7480994,9.599999999999998,1.4042686189822127,0,411.2,411.2
2024-12-11,-0.0029673590504450953,-0.018147086914995225,0.015026660203586895,1.8456238975905497,0.4690980347718112,-0.3480363837827325,-7611976,9.842857142857143,0.6128151168111269,1,409.8,409.8
2024-12-12,0.004960317460317443,-0.003404669260700377,-0.018147086914995225,2.0037210051439676,0.33699781975983484,-0.43339312785323447,-7377833,9.900000000000006,1.0008797232761613,-1,415.6,415.6
2024-12-13,0.018262586377097767,0.014153245485602817,-0.003404669260700377,1.644053214624087,0.1400251373930047,-1.0385743346137681,-7540794,9.785714285714294,0.7719370213910887,-1,409.8,409.8
2024-12-16,0.015026660203586895,-0.013955726660250245,0.014153245485602817,1.0770759289411274,0.2007711821583249,-1.0859129201793096,-7681392,9.828571428571435,0.7236040316537521,-1,405.6,405.6
2024-12-17,-0.018147086914995225,-0.010248901903367469,-0.013955726660250245,0.48400927681229866,0.28018052598835874,-0.9263829174398847,-7849182,9.257142857142863,1.0029600441854738,1,402.6,402.6
2024-12-18,-0.003404669260700377,-0.007396449704141994,-0.010248901903367469,0.31300974251727,0.17408926332103808,-0.9228658835348159,-7700121,9.214285714285719,0.8721577245647725,1,406.0,406.0
2024-12-19,0.014153245485602817,0.008445106805762492,-0.007396449704141994,0.7849468166566368,0.20924927213013608,-0.8682424753386465,-7353409,10.128571428571433,1.7924936047365276,1,415.2,415.2
2024-12-20,-0.013955726660250245,0.022660098522167438,0.008445106805762492,1.7609706550068336,0.23358777981371734,-0.771467708534568,-6905069,10.81428571428572,1.7897790101564788,-1,426.4,426.4
2024-12-23,-0.010248901903367469,0.026974951830443183,0.022660098522167438,1.887340570213988,0.2613170010464091,-0.7551132967345382,-7113631,11.157142857142864,0.7897293756366128,0,420.2,420.2
2024-12-24,-0.007396449704141994,-0.01454033771106944,0.026974951830443183,1.8531436991320631,0.36425427640025465,-0.7221887085651659,-7192369,11.028571428571436,0.3197058988332915,-1,420.0,420.0
2024-12-27,0.008445106805762492,-0.0004759638267491928,-0.01454033771106944,1.5627132510843476,0.40257395610907293,-0.7499255788774485,-7327820,11.000000000000004,0.5561285363888905,0,417.4,417.4
2024-12-30,0.022660098522167438,-0.006190476190476191,-0.0004759638267491928,1.3913778534945784,0.3616991917826337,-0.7741444147114904,-7192664,10.742857142857146,0.671584610935486,0,419.0,419.0
2024-12-31,0.026974951830443183,0.003833253473886078,-0.006190476190476191,1.0707557896187976,0.356514640285335,-0.763945560706367,-7301337,10.071428571428571,0.8151534699510936,0,417.0,417.0
2025-01-02,-0.01454033771106944,-0.004773269689737458,0.003833253473886078,0.7347484686508978,0.4430774290578079,-0.6785410879113986,-7508667,9.414285714285711,1.5580568364224436,0,416.0,416.0
2025-01-03,-0.0004759638267491928,-0.0023980815347721673,-0.004773269689737458,0.35398325415209686,0.5170506332287548,-0.6356529871142764,-7677099,9.47142857142857,1.1153816608877387,-1,414.2,414.2
2025-01-06,-0.006190476190476191,-0.0043269230769230616,-0.0023980815347721673,-0.2271347900713645,0.652105421511822,-0.4883699856618935,-7845792,9.057142857142853,1.0700014208077293,-1,409.4,409.4
2025-01-07,0.003833253473886078,-0.011588604538870118,-0.0043269230769230616,-2.4982908476671044,-1.7503302636494524,6.995131723698511,-9274997,10.899999999999993,3.4317397841747694,-1,379.6,379.6
2025-01-08,-0.004773269689737458,-0.07278944797264275,-0.011588604538870118,-4.465915448863937,-1.6585538480240762,6.157263833912293,-10229559,11.371428571428567,1.6299344790114956,1,369.2,369.2
2025-01-09,-0.0023980815347721673,-0.027397260273972712,-0.07278944797264275,-5.1982296642235255,-1.7653858372352689,6.4101740176289255,-9623775,11.957142857142852,0.9104944394945585,-1,373.4,373.4
2025-01-10,-0.0043269230769230616,0.011375947995666325,-0.027397260273972712,-5.616579634061207,-1.7134268556336563,6.190334701962945,-9994314,12.214285714285706,0.5250237829869392,-1,369.6,369.6
2025-01-13,-0.011588604538870118,-0.010176754151044354,0.011375947995666325,-5.7906474467277205,-1.7783269746257178,6.738670259590636,-10342164,11.228571428571419,0.4690609880418777,1,366.0,366.0
2025-01-14,-0.07278944797264275,-0.009740259740259827,-0.010176754151044354,-4.985178392476634,-1.6593265289209382,5.987021265669428,-9935926,11.114285714285703,0.7565029517987705,1,375.0,375.0
2025-01-15,-0.027397260273972712,0.024590163934426146,-0.009740259740259827,-3.8518870509387684,-1.692767748498069,5.870797836166632,-9644343,10.94285714285713,0.7210283512216159,1,380.0,380.0
2025-01-16,0.011375947995666325,0.01333333333333342,0.024590163934426146,-2.7296787516814085,-1.695685410514546,5.853579236261559,-9382932,11.371428571428558,0.7791122071075648,-1,382.4,382.4
2025-01-17,-0.010176754151044354,0.0063157894736840525,0.01333333333333342,-1.986111931075654,-1.6400113863624506,5.852944124913334,-9554315,11.27142857142856,0.5795977584859973,1,379.8,379.8
2025-01-20,-0.009740259740259827,-0.0067991631799162455,0.0063157894736840525,-0.7102199402636975,-1.5233696477958678,5.143371979669485,-9242901,11.77142857142856,1.0797771750776164,-1,389.8,389.8
2025-01-21,0.024590163934426146,0.026329647182727678,-0.0067991631799162455,0.04271849147885565,-1.4666768537588841,5.030958487134554,-9495398,11.785714285714278,0.9799710934201048,-1,387.4,387.4
2025-01-22,0.01333333333333342,-0.0061570035915855525,0.026329647182727678,0.3262038607355793,-1.417572987353382,5.165807176860205,-9673989,11.514285714285709,0.7597703046721846,-1,383.4,383.4
2025-01-23,0.0063157894736840525,-0.01032524522457412,-0.0061570035915855525,0.4147126840383901,-1.3898957177917795,5.389382552317611,-9886557,11.357142857142849,0.9435280477747406,1,381.2,381.2
2025-01-24,-0.0067991631799162455,-0.005738132498695814,-0.01032524522457412,1.115713893079623,-1.4145205888351513,5.250525806409124,-9645766,11.59999999999999,1.0067683451504814,1,390.6,390.6
2025-01-27,0.026329647182727678,0.024658971668415575,-0.005738132498695814,1.8805251633789979,-1.4521230480844471,5.146449324369033,-9409707,9.971428571428564,1.0533589289124734,1,395.6,395.6
2025-01-28,-0.0061570035915855525,0.01280081925243226,0.024658971668415575,2.6792431743409963,-1.4521136623226263,5.146373597676542,-9267672,9.699999999999992,0.7031129336939778,1,401.2,401.2
2025-02-03,-0.01032524522457412,0.01415571284125372,0.01280081925243226,3.2853106924386113,-1.5780271883258838,5.567459947250161,-8988494,9.428571428571425,1.2568440823279738,1,404.2,404.2
2025-02-04,-0.005738132498695814,0.007477567298105781,0.01415571284125372,4.59928989339347,-1.2723200201758658,4.629863518568039,-8675731,9.942857142857141,1.2915274366424243,-1,420.8,420.8
2025-02-05,0.024658971668415575,0.04106877783275609,0.007477567298105781,5.026784538839236,-1.274152289285545,4.6381014025717215,-8997025,10.285714285714286,1.2440439268381644,1,417.8,417.8
2025-02-06,0.01280081925243226,-0.0071292775665399155,0.04106877783275609,5.222159721836885,-1.2676766254398981,4.650336656455367,-8801174,9.785714285714286,0.7827020727811298,1,420.4,420.4
2025-02-07,0.01415571284125372,0.006223073240785082,-0.0071292775665399155,5.581754526249969,-1.289920797520524,4.788976090442932,-8455499,9.942857142857141,1.1880817536351331,1,428.2,428.2
2025-02-10,0.007477567298105781,0.018553758325404512,0.006223073240785082,6.076524170233349,-1.3456579546989726,5.045585814283767,-8141386,10.057142857142859,1.0542855723583873,-1,437.0,437.0
2025-02-11,0.04106877783275609,0.02055114432508187,0.018553758325404512,5.441987500598481,-1.2961375371779238,4.64382280707118,-8450322,10.885714285714284,1.039580205253626,1,427.4,427.4
2025-02-12,-0.0071292775665399155,-0.021967963386727796,0.02055114432508187,5.805269907102634,-1.0924681638715399,3.766390318931665,-8067673,11.285714285714286,1.2365662631913672,0,444.2,444.2
2025-02-13,0.006223073240785082,0.03930744033692091,-0.021967963386727796,5.549155118578852,-1.1000309409556224,3.7951255960847714,-8677530,12.842857142857143,1.5547819480632052,1,442.0,442.0
2025-02-14,0.018553758325404512,-0.004952723998199016,0.03930744033692091,7.1392107149776844,-0.15103985006866563,3.211894544607377,-7932338,14.642857142857142,1.5782970390304425,1,474.8,474.8
2025-02-17,0.02055114432508187,0.07420814479638005,-0.004952723998199016,8.893337801796115,-0.23002729105843236,2.692037824844584,-6670102,16.842857142857145,1.9073520567444475,1,493.6,493.6
2025-02-18,-0.021967963386727796,0.03959561920808774,0.07420814479638005,10.07010055600312,-0.31281721740022395,2.6629615187128404,-6044807,17.428571428571427,0.8624213808286317,-1,503.5,503.5
2025-02-19,0.03930744033692091,0.02005672609400322,0.03959561920808774,9.804787332156813,-0.2888411640219897,2.5394504463023186,-6386079,17.45,0.47612457210844644,-1,497.8,497.8
2025-02-20,-0.004952723998199016,-0.01132075471698113,0.02005672609400322,8.288936268656144,-0.27036427697804966,2.295575393002485,-6731571,17.792857142857144,0.5203996882650843,1,486.8,486.8
2025-02-21,0.07420814479638005,-0.022097227802330255,-0.01132075471698113,8.679131318629892,0.7679484545161595,0.526316823020492,-5996119,19.192857142857143,1.1110396051420244,-1,517.0,517.0
2025-02-24,0.03959561920808774,0.06203779786359909,-0.022097227802330255,7.032879790227462,0.6058864908097822,0.5729805259346833,-6671547,19.75,1.2402554739566327,-1,497.2,497.2
2025-02-25,0.02005672609400322,-0.03829787234042559,0.06203779786359909,4.652743581049155,0.6065303093336905,0.36466673448394044,-7236642,20.407142857142855,1.0611160162524378,1,484.8,484.8
2025-02-26,-0.01132075471698113,-0.02493966210780363,-0.03829787234042559,3.783882818062647,0.46177512936391996,0.16519768422146744,-6831745,21.564285714285713,0.7425585871879176,-1,501.5,501.5
2025-02-27,-0.022097227802330255,0.034447194719471996,-0.02493966210780363,2.4441403740127114,0.4609492474028239,0.14348352930954436,-7220773,21.978571428571428,0.7022419581934366,-1,495.4,495.4
2025-02-28,0.06203779786359909,-0.012163509471585288,0.034447194719471996,0.1910702343426287,0.47080446929169545,0.043945858335078095,-7742381,22.707142857142856,1.0203375825881749,1,478.6,478.6
2025-03-03,-0.03829787234042559,-0.033911990310859785,-0.012163509471585288,-1.1510838331165516,0.4861418110789027,0.061245975500813954,-7414861,22.907142857142855,0.7416169568344151,1,483.2,483.2
2025-03-04,-0.02493966210780363,0.009611366485582806,-0.033911990310859785,-1.6450953427576636,0.4462129577033728,0.018666174993117596,-7103611,22.99285714285714,0.7963197109148377,1,491.0,491.0
2025-03-05,0.034447194719471996,0.01614238410596025,0.009611366485582806,-1.1502827761265095,0.32145266228144026,-0.09859952624851012,-6751953,22.307142857142853,0.9248978466795437,1,505.5,505.5
2025-03-06,-0.012163509471585288,0.029531568228105876,0.01614238410596025,1.472612331173611,0.47680613610332034,-0.12779023635641745,-5955114,22.71428571428571,1.7256001299334092,-1,544.0,544.0
2025-03-07,-0.033911990310859785,0.076162215628091,0.029531568228105876,2.1614299430546566,0.4735703363063273,-0.20933543142535732,-6420058,21.342857142857138,1.0321945856760313,-1,533.5,533.5
2025-03-10,0.009611366485582806,-0.01930147058823528,0.076162215628091,1.1821551418153362,0.4244898411381211,-0.32094830330492136,-6764208,21.77857142857143,0.7584268796270871,0,516.5,516.5
2025-03-11,0.01614238410596025,-0.03186504217432051,-0.01930147058823528,0.3547111136326464,0.4067685348515633,-0.29747701531629994,-6425680,22.435714285714283,0.7371743363475499,-1,517.5,517.5
2025-03-12,0.029531568228105876,0.0019361084220717029,-0.03186504217432051,-0.7498156173988022,0.5092698077918539,-0.25886495589038205,-6705991,22.77857142857143,0.629976914488316,-1,512.0,512.0
2025-03-13,0.076162215628091,-0.010628019323671523,0.0019361084220717029,-1.904584656925426,0.5679614754519875,-0.26515360827704565,-6979260,21.821428571428573,0.8031644684170368,1,507.5,507.5
2025-03-14,-0.01930147058823528,-0.0087890625,-0.010628019323671523,-1.8453419865264706,0.5199538552423467,-0.3650093142111332,-6672143,21.728571428571428,0.9949526200696526,1,521.5,521.5
2025-03-17,-0.03186504217432051,0.02758620689655178,-0.0087890625,-1.7260742886701763,0.5256085298834228,-0.36246092633406374,-6451181,21.17142857142857,0.7779327651921895,1,524.5,524.5
2025-03-18,0.0019361084220717029,0.0057526366251199335,0.02758620689655178,-0.7099637422925191,0.547080998412717,-0.2598356404496492,-6114783,20.87142857142857,1.1861229837728666,0,541.0,541.0
2025-03-19,-0.010628019323671523,0.03145853193517634,0.0057526366251199335,-0.30018663290869796,0.5365689227265482,-0.24465010622818031,-6430825,20.2,1.0869604096333165,-1,540.0,540.0
2025-03-20,-0.0087890625,-0.001848428835489857,0.03145853193517634,-1.535689026786926,0.5094637926355067,-0.3839218876378609,-6929275,20.285714285714285,1.4843931007660058,-1,519.5,519.5
2025-03-21,0.02758620689655178,-0.037962962962962976,-0.001848428835489857,-2.9364327182402477,0.5984999485561264,-0.3579911455184558,-7351880,20.435714285714287,1.1775289126459982,0,511.5,511.5
2025-03-24,0.0057526366251199335,-0.015399422521655493,-0.037962962962962976,-3.7543566244205806,0.6603289789247849,-0.2665171426169042,-7105894,19.95,0.675978479577418,-1,513.0,513.0
2025-03-25,0.03145853193517634,0.0029325513196480912,-0.015399422521655493,-4.953267317115639,0.6608920043513525,-0.26396068756963437,-7383343,19.7,0.7879692047631056,1,502.0,502.0
2025-03-26,-0.001848428835489857,-0.021442495126705707,0.0029325513196480912,-5.327660979708146,0.7598792999483047,0.037010626981015544,-7210237,17.557142857142857,0.5350717979025665,0,506.5,506.5
2025-03-27,-0.037962962962962976,0.008964143426294813,-0.021442495126705707,-5.281129517519881,0.7311311915862445,0.024071376142498914,-7034281,17.271428571428572,0.6793132896096215,0,509.0,509.0
2025-03-28,-0.015399422521655493,0.0049358341559724295,0.008964143426294813,-5.088808163133521,0.720883971979127,0.34047648685053244,-6848338,16.37857142857143,0.8783823362684706,-1,509.5,509.5
2025-03-31,0.0029325513196480912,0.0009823182711199419,0.0049358341559724295,-5.633221538395709,0.884365273251229,0.7659968035883499,-7128708,16.05,1.2827774646237637,1,497.0,497.0
2025-04-01,-0.021442495126705707,-0.024533856722276703,0.0009823182711199419,-5.3535832247322865,0.9106416431157897,0.8603047322441598,-6933528,15.657142857142857,0.9657069630054772,0,504.0,504.0
2025-04-02,0.008964143426294813,0.014084507042253502,-0.024533856722276703,-5.00662612710307,0.8783886960787859,0.856100130645738,-6933528,15.157142857142857,0.7269696425437076,-1,504.0,504.0
2025-04-03,0.0049358341559724295,0.0,0.014084507042253502,-5.01992138623228,0.8788860914629636,0.9258280507908724,-7225724,14.392857142857142,1.3328115136056284,-1,497.8,497.8
2025-04-07,0.0009823182711199419,-0.012301587301587258,0.0,-8.83343017416464,-1.077801482290849,5.256659523806874,-8459365,18.235714285714288,2.8771464767788224,1,435.4,435.4
2025-04-08,-0.024533856722276703,-0.12535154680594618,-0.012301587301587258,-10.507485031895856,-1.2428332237816044,5.974087429390561,-7808164,18.392857142857142,1.294792247005897,0,440.4,440.4
2025-04-09,0.014084507042253502,0.011483693155718955,-0.12535154680594618,-10.996900396601326,-1.3461858323131108,6.397649367075555,-7143322,19.607142857142858,1.1138788783505984,1,441.2,441.2
2025-04-10,0.0,0.0018165304268846771,0.011483693155718955,-10.514397096083195,-1.3987684544792671,6.981729638130015,-6565322,19.421428571428574,0.8450588909552382,0,444.8,444.8
2025-04-11,-0.012301587301587258,0.008159564823209564,0.0018165304268846771,-9.74313150697089,-1.4333113895505165,7.095250946500836,-7031268,19.428571428571434,0.6482943430458895,1,443.4,443.4
2025-04-14,-0.12535154680594618,-0.003147482014388525,0.008159564823209564,-8.04328779291091,-1.595066228237314,7.7194561429068305,-6727803,19.628571428571433,0.5696832008362074,0,454.0,454.0
2025-04-15,0.011483693155718955,0.02390617952187646,-0.003147482014388525,-6.3810375449931085,-1.5858664118389894,7.74353548209457,-6525349,19.521428571428576,0.4570672328213167,-1,456.0,456.0
2025-04-16,0.0018165304268846771,0.004405286343612369,0.02390617952187646,-5.453121020941275,-1.490932698494672,7.557518105359654,-6798577,20.042857142857148,0.7493528854534575,1,448.0,448.0
2025-04-17,0.008159564823209564,-0.01754385964912286,0.004405286343612369,-3.872966851522852,-1.518182264790598,7.783686324560491,-6553779,20.042857142857148,0.8215298971535502,1,458.0,458.0
2025-04-22,-0.003147482014388525,0.022321428571428603,-0.01754385964912286,-2.4430240247124893,-2.718939692457667,11.023261067211642,-6313342,19.800000000000008,0.9508083791132743,1,460.4,460.4
2025-04-23,0.02390617952187646,0.005240174672489051,0.022321428571428603,-0.44910120977479195,-2.6716160605167887,10.67743198127607,-6043328,20.092857142857152,1.096787715964583,-1,474.2,474.2
